<?xml-stylesheet type="text/xsl" href="showActivity.xsl"?>
<activity>
	<report time="2002-04-05T00:00:00" current="1824" average="1792"/> 
	<report time="2002-04-05T01:00:00" current="2159" average="1524"/> 	
	<report time="2002-04-05T02:00:00" current="981" average="1412"/> 
	<report time="2002-04-05T03:00:00" current="52" average="1316"/> 
	<report time="2002-04-05T04:00:00" current="1152" average="1102"/> 
	<report time="2002-04-05T05:00:00" current="1762" average="1355"/> 
	<report time="2002-04-05T06:00:00" current="1922" average="1825"/> 	
    <report time="2002-04-05T07:00:00" current="5255" average="2101"/> 	
    <report time="2002-04-05T08:00:00" current="8332" average="2411"/> 	
    <report time="2002-04-05T09:00:00" current="2864" average="2557"/> 	
    <report time="2002-04-05T10:00:00" current="2655" average="2903"/> 	
    <report time="2002-04-05T11:00:00" current="3912" average="3152"/> 	
    <report time="2002-04-05T12:00:00" current="3855" average="2825"/> 	
    <report time="2002-04-05T13:00:00" current="3688" average="3604"/> 	
    <report time="2002-04-05T14:00:00" current="4102" average="3902"/> 	
    <report time="2002-04-05T15:00:00" current="4387" average="4217"/> 	
    <report time="2002-04-05T16:00:00" current="4822" average="4943"/> 	
    <report time="2002-04-05T17:00:00" current="4611" average="4421"/> 	
    <report time="2002-04-05T18:00:00" current="3951" average="3871"/> 	
    <report time="2002-04-05T19:00:00" current="3527" average="3402"/> 	
    <report time="2002-04-05T20:00:00" current="3194" average="2814"/> 	
    <report time="2002-04-05T21:00:00" current="2219" average="2107"/> 	
    <report time="2002-04-05T22:00:00" current="1865" average="1924"/> 	
    <report time="2002-04-05T23:00:00" current="1755" average="1825"/> 
</activity>