<Addressbook>
	<Address>
		<Name>Drachman</Name>
		<FirstName>Louis</FirstName>
		<Street>Frenchway</Street>
		<City>BigCity</City>
	</Address>
	<Address>
		<Name>Poelmans</Name>
		<FirstName>Wouter</FirstName>
		<Street>Everywhere</Street>
		<City>SmallCity</City>
	</Address>
	<Address>
		<Name>Verhoest</Name>
		<FirstName>Steven</FirstName>
		<Street>Theway</Street>
		<City>SomeCity</City>
	</Address>
	<Address>
		<Name>Martens</Name>

<FirstName>Bruno</FirstName>
		<Street>Hisway</Street>
		<City>SimCity</City>
	</Address>
	<Address>
		<Name>Verhaegen</Name>
		<FirstName>Tom</FirstName>
		<Street>Myway</Street>
		<City>BrightCity</City>
	</Address>
</Addressbook>