<svg xmlns:xlink="foo">
    <defs>
        <radialGradient id="buttonUpFill">
            <stop offset="0%" stop-color="red"/>
        </radialGradient>
        <radialGradient id="buttonDownFill">
            <stop offset="0%" stop-color="yellow"/>
            <stop offset="65%" stop-color="orange"/>
            <stop offset="100%" stop-color="red"/>
        </radialGradient>
        <rect x="0" y="0" width="200" height="30" rx="10" ry="10" stroke="black" stroke-width="3" id="stdBtn"/>
        <text id="taText1" text-anchor="middle" dominant-baseline="mathematical">start</text>
        <text id="taText2" text-anchor="middle" dominant-baseline="mathematical">middle</text>
        <text id="taText3" text-anchor="middle" dominant-baseline="mathematical">end</text>
        <text id="dbText1" text-anchor="middle" dominant-baseline="mathematical">alphabetic</text>
        <text id="dbText2" text-anchor="middle" dominant-baseline="mathematical">ideographic</text>
        <text id="dbText3" text-anchor="middle" dominant-baseline="mathematical">mathematical</text>
        <text id="dbText4" text-anchor="middle" dominant-baseline="mathematical">hanging</text>
        <use xlink:href="#stdBtn" id="stdBtnUp" fill="url(#buttonUpFill)"/>
        <use xlink:href="#stdBtn" id="stdBtnDown" fill="url(#buttonDownFill)"/>
        <g id="taBtn1Up">
            <use xlink:href="#stdBtnUp"/>
            <use xlink:href="#taText1" x="100" y="15"/>
        </g>
        <g id="taBtn1Down">
            <use xlink:href="#stdBtnDown"/>
            <use xlink:href="#taText1" x="100" y="15"/>
        </g>
        <g id="taBtn2Up">
            <use xlink:href="#stdBtnUp"/>
            <use xlink:href="#taText1" x="100" y="15"/>
        </g>
        <g id="taBtn2Down">
            <use xlink:href="#stdBtnDown"/>
            <use xlink:href="#taText1" x="100" y="15"/>
        </g>
        <g id="taBtn3Up">
            <use xlink:href="#stdBtnUp"/>
            <use xlink:href="#taText1" x="100" y="15"/>
        </g>
        <g id="taBtn3Down">
            <use xlink:href="#stdBtnDown"/>
            <use xlink:href="#taText1" x="100" y="15"/>
        </g>
        <g id="taGroup">
            <use xlink:href="#taBtn1Up" x="0" y="0" id="taButton1">
                <set attributeName="xlink:href" attributeType="XML" begin="taButton1.click" to="#taBtn1Down"/>
            </use>
            <use xlink:href="#taBtn2" x="0" y="40"/>
            <use xlink:href="#taBtn3" x="0" y="80"/>
        </g>
    </defs>
    <g transform="translate(100,100)">
        <use xlink:href="#taGroup"/>
    </g>        
</svg>