<?xml version="1.0"?>
<rdf:RDF
	xmlns:rdf="http://www.w3.org/1999/02/22-rdf-syntax-ns#"
	xmlns:dc="http://purl.org/dc/elements/1.1/"
	xmlns="http://purl.org/rss/1.0/">
	<channel rdf:about="http://www.kurtcagle.net/xml/articles.rss">
		<title>Reflections and Recursions</title>
		<link>http://www.kurtcagle.net</link>
		<description>This feed, featuring the works of Kurt Cagle, looks at a number of salient web technologies today, including XML, Web Services, XSLT and related issues, both from a technical and a social standpoint, as well as exploring the wider issues about how this technology is employed for good or ill. Note that not all items are located on the kurtcagle.net site.</description>
		<dc:publisher>Cagle Communications</dc:publisher>
		<dc:creator>Kurt Cagle</dc:creator>
		<dc:rights>Copyright 2001 Cagle Communications</dc:rights>
		<dc:date>2001-07-15T12:00:00</dc:date>
		
		<image rdf:resource="http://www.kurtcagle.net/images/kclogo.jpg"/>
		
		<items>
			<rdf:Seq>
				<rdf:li resource="http://www.kurtcagle.net/articles/imperatives.htm"/>
				<rdf:li resource="http://www.kurtcagle.net/articles/marketingWebServices.htm"/>
				<rdf:li resource="http://www.vbxml.com/thoughts/default.asp?view=view&amp;id=v3392_101"/>
				<rdf:li resource="http://www.vbxml.com/thoughts/default.asp?view=view&amp;id=v3392_102"/>
				<rdf:li resource="http://www.vbxml.com/thoughts/default.asp?amp;view=view&amp;id=v3392_103"/>
			</rdf:Seq>
		</items>

		<image rdf:about="http://www.kurtcagle.net/images/kclogo.jpg">
			<title>Reflections and Recursions</title>
			<link>http://www.kurtcagle.net</link>
			<url>http://www.kurtcagle.net/images/kclogo.jpg</url>
		</image>

		<item rdf:about="http://www.kurtcagle.net/articles/imperatives.htm">
			<title>Imperative: Programmer vs. Investor</title>
			<link>http://www.kurtcagle.net/articles/imperatives.htm</link>
			<dc:description>This essay looks at why what is good for investors may in fact be very bad for programmers.</dc:description>
			<dc:subject>Peer-to-peer</dc:subject>
		</item>
		
		<item rdf:about="http://www.kurtcagle.net/articles/marketingWebServices.htm">
			<title>Are We Marketing Web Services to the Wrong Crowd?</title>
			<link>http://www.kurtcagle.net/articles/marketingWebServices.htm</link>
			<dc:description>A significant amount of the hype around web services seems to be targeting the B2B sphere. In fact, this may be the worst possible place for them, as Kurt discusses in this essay.</dc:description>
			<dc:subject>Web Services</dc:subject>
		</item>

		<item rdf:about="http://www.vbxml.com/thoughts/default.asp?view=view&amp;id=v3392_101">
			<title>Is the Web Dying?</title>
			<link>http://www.vbxml.com/thoughts/default.asp?view=view&amp;id=v3392_101</link>
			<dc:description>An essay that looks at the changing nature of the Internet, and reflects on the dangers inherent in trying to make the web into too much of a cash cow.</dc:description>
			<dc:subject>Internet</dc:subject>
		</item>

		<item rdf:about="http://www.vbxml.com/thoughts/default.asp?view=view&amp;id=v3392_102">
			<title>The Meanings of Service</title>
			<link>http://www.vbxml.com/thoughts/default.asp?view=view&amp;id=v3392_102</link>
			<dc:description>This explores web services from the perspective of their real utility vs. their marketed utility.</dc:description>
			<dc:subject>Web Services</dc:subject>
		</item>

		<item rdf:about="http://www.vbxml.com/thoughts/default.asp?view=view&amp;id=v3392_103">
			<title>From B2B to D2D</title>
			<link>http://www.vbxml.com/thoughts/default.asp?view=view&amp;id=v3392_103</link>
			<dc:description>Article that examines the applicability of web services to small and medium sized companies looking at getting a better handle on their coding resources.</dc:description>
			<dc:subject>Web Services</dc:subject>
		</item>

		
	</channel>
</rdf:RDF>