<svg width="130" height="240" onload="assignDoc(evt)" id="bar1" xmlns:xlink="http://www.w3.org/1999/xlink/namespace/"><script language="Javascript">
  activeBtn='';
  
  function bar1_select(buttonId){
    }
  
  function bar1_highlight(buttonId){
    var btn=svgDoc.getElementById(buttonId);
    btn.setAttribute("stroke","lightBlue");
    }
    
  function bar1_restoreBtn(buttonId){
    var btn=svgDoc.getElementById(buttonId);
    btn.setAttribute("stroke","navy");
    }
    
  function bar1_pressBtn(buttonId){
        var btn=svgDoc.getElementById(buttonId);
       btn.setAttribute("xlink:href","#buttonDown");
       btn.setAttribute("fill","lightBlue");
        var text=svgDoc.getElementById(buttonId + "_text");
        text.setAttribute("fill","white");
        text.setAttribute("transform","translate(3,3)");
    if (activeBtn!=''){
        if (activeBtn!=buttonId){
            bar1_releaseBtn(activeBtn);
            }
        }
    activeBtn=buttonId;
    bar1_select(buttonId)
    }  

  function bar1_releaseBtn(buttonId){
        var btn=svgDoc.getElementById(buttonId);
       btn.setAttribute("xlink:href","#button");
        btn.setAttribute("fill","blue");
        var text=svgDoc.getElementById(buttonId + "_text");
        text.setAttribute("fill","yellow");
        text.setAttribute("transform","translate(-3,-3)");
    }  

    
  var svgDoc=0;  
  function assignDoc(evt){
        svgDoc=evt.target.ownerDocument;
    }
  </script><defs><g id="button"><filter id="dropShadow"><feGaussianBlur id="blur1" in="SourceAlpha" stdDeviation="3" result="blur"></feGaussianBlur></filter><rect id="buttonShadow" width="117" height="44" rx="15" transform="translate(4,4)" style="filter:url(#dropShadow)"></rect><rect id="buttonTop" width="117" height="44" rx="15"></rect></g><g id="buttonDown"><rect id="buttonTop" width="117" height="44" rx="15" transform="translate(4,4)"></rect></g></defs><g><use xlink:href="#button" x="0" y="0" fill="blue" stroke="navy" id="button1" onmouseover="bar1_highlight('button1')" onmouseout="bar1_restoreBtn('button1')" onmousedown="bar1_pressBtn('button1')"></use><text fill="yellow" x="20" y="25" font-family="Times New Roman" font-size="14pt" onmouseover="bar1_highlight('button1')" onmouseout="bar1_restoreBtn('button1')" id="button1_text" onmousedown="bar1_pressBtn('button1')">Variables</text><use xlink:href="#button" x="0" y="45" fill="blue" stroke="navy" id="button2" onmouseover="bar1_highlight('button2')" onmouseout="bar1_restoreBtn('button2')" onmousedown="bar1_pressBtn('button2')"></use><text fill="yellow" x="20" y="70" font-family="Times New Roman" font-size="14pt" onmouseover="bar1_highlight('button2')" onmouseout="bar1_restoreBtn('button2')" id="button2_text" onmousedown="bar1_pressBtn('button2')">Parameters</text><use xlink:href="#button" x="0" y="90" fill="blue" stroke="navy" id="button3" onmouseover="bar1_highlight('button3')" onmouseout="bar1_restoreBtn('button3')" onmousedown="bar1_pressBtn('button3')"></use><text fill="yellow" x="20" y="115" font-family="Times New Roman" font-size="14pt" onmouseover="bar1_highlight('button3')" onmouseout="bar1_restoreBtn('button3')" id="button3_text" onmousedown="bar1_pressBtn('button3')">Named Templates</text><use xlink:href="#button" x="0" y="135" fill="blue" stroke="navy" id="button4" onmouseover="bar1_highlight('button4')" onmouseout="bar1_restoreBtn('button4')" onmousedown="bar1_pressBtn('button4')"></use><text fill="yellow" x="20" y="160" font-family="Times New Roman" font-size="14pt" onmouseover="bar1_highlight('button4')" onmouseout="bar1_restoreBtn('button4')" id="button4_text" onmousedown="bar1_pressBtn('button4')">Node-Set()</text><use xlink:href="#button" x="0" y="180" fill="blue" stroke="navy" id="button5" onmouseover="bar1_highlight('button5')" onmouseout="bar1_restoreBtn('button5')" onmousedown="bar1_pressBtn('button5')"></use><text fill="yellow" x="20" y="205" font-family="Times New Roman" font-size="14pt" onmouseover="bar1_highlight('button5')" onmouseout="bar1_restoreBtn('button5')" id="button5_text" onmousedown="bar1_pressBtn('button5')">Document()</text></g></svg>