<bar id="bar1" width="180" height="240" title="Understanding XSLT">
	<button id="aboutCourse" title="About This Seminar">
        <page>
			<title></title>
			<img src="XSLTIntro.jpg"/>
        </page>
        <page>
            <title>About Your Speaker</title>
            <p>Kurt Cagle is a writer and consultant on XML, XSLT and web technologies, and is the author of ten books and more than 100 articles on XML, web programming, multimedia, and related works. He is available for consulting, training and software development.</p>
            <h3>Websites</h3>
            <li style="font-size:14pt;"><a href="http://www.kurtcagle.net" target="new">KurtCagle.net</a></li>
            <li style="font-size:14pt"><a href="http://www.vbxml.com/cagle" target="new">VBXML Website</a></li>
            <h3>E-mail</h3>
             <li style="font-size:14pt"><a href="mailto://kurt@kurtcagle.net" target="new">kurt@kurtcagle.net</a></li>
        </page>
        <page>
            <title>About This Course</title>
            <p>This course, <b>Understanding XSLT</b>, is designed to teach you how to use the power of XSLT to transform XML into XHTML or other XML formats, as well as design principles that can be used to significantly enhance your XML design principles.</p>
            <p>The course material (this document) is available from the VBXML website (<a href="http://www.vbxml.com/cagle" target="new">http://www.vbxml.com/cagle</a>) and from Kurt Cagle's website at <a href="http:www.kurtcagle.net" target="new">http://www.kurtcagle.net</a>. It requires the use of the Adobe SVG plugin available from the <a href="http://www.adobe.com/svg" target="new">Adobe SVG page</a>, and should be view with Internet Explorer 5.0 or above.</p>
        </page>
	</button>
	<button id="XSLTUsage" title="'Understanding XSLT'">
        <page>
			<title>The XSLT Language</title>
			<point><ph>Stylesheet Language.</ph><pd>"Styles" the presentation of XML or XHTML.</pd></point>
			<point><ph>XML Based Language.</ph><pd> XSLT is written in XML, which means you can use XSLT to generate XSLT.</pd></point>
			<point><ph>Transformative Language.</ph><pd> Converts an XML file into a different (probably XML based) format.</pd></point>
			<point><ph>Integrative Language.</ph><pd> XSLT can pull together multiple XML sources into a single document.</pd></point>
			<point><ph>Extensible Language.</ph><pd> XSLT can be extended by JavaScript, Java, ActiveX Components or other languages to hook into the OS.</pd></point>
			<point><ph>Business Logic Language.</ph><pd> XSLT can be used to encode business rules in the same way that languages like VB and Java can.</pd></point>
			<point><ph>Routing Language.</ph><pd> XSLT can act as a software router, and lays at the core of such technology as BizTalk.</pd></point>
        </page>
		<page>
			<title>XSLT Is A Functional Language</title>
			<para>XSLT can be considered a black box language -- in essence, an XSLT Transformation script (also known as a <def alt="A stylesheet applies a media view on a structured document.">stylesheet</def>) can be thought of as a single <b> Black Box</b> that takes data in the form of XML in and generates XML (usually) on the way out.</para>
		</page>
        <page>
			<title display="no">Simple XSLT Transformations</title>
			<embed src="SimpleXSLTTransform.svg" width="800" height="600" 
      type="image/svg-xml"/> 
        </page>
		<page>
			<title>XSLT Is Also a Parametric Language</title>
			<para>In addition to the primary XML source, it is possible to pass <def alt="Parameters pass customizing information into the transformation">parameters</def>. These parameters make a number of things possible that couldn't happen with non-parameterized code:</para>
			<point><ph>Customizing Output to Browser.</ph><pd>For instance you can pass the whether the information is destined for a web browser (XHTML), a wireless device (WML), or a web service (SOAP).</pd></point>
			<point><ph>Customizing User Access.</ph><pd>By passing access levels, a stylesheet can control what a person sees. An administrator may get sent more information than a casual user.</pd></point>
			<point><ph>Resource Access.</ph><pd>Parameters can determine where additional information is retrieved from or sent to.</pd></point>
			<point><ph>Form Content.</ph><pd>You can pass form information into an XSLT transformation to display the contents, as well as conceivably save the resources elsewhere (covered later).</pd></point>
			<point><ph>Routing.</ph><pd>Parameters make it possible to include multiple transformations in a single document and have the XSLT determine which transformation to call.</pd></point>
		</page>
        <page>
			<title display="no">Transformations with Parameters</title>
			<embed src="SimpleXSLTTransform2.svg" width="800" height="600" 
      type="image/svg-xml"/> 
        </page>
        <page>
			<title>Multiple Input Sources</title>
			<para>XSLT includes a <def alt="document() is an XSLT function for retrieving external XML.">document()</def> function for retrieving XML sources from external resources. This makes it possible to use one XML document to construct other XML documents, makes it possible to receive XML "templates", and makes a request base peer-to-peer system possible (especially useful for <def alt="Web Services are functional calls that can make requests and responses via an XML interface.">Web Services</def>).</para>
		</page>
        <page>
			<title display="no">Transformations with document() Input</title>
			<embed src="SimpleXSLTTransform3.svg" width="800" height="600" 
      type="image/svg-xml"/> 
        </page>
        <page>
			<title>Multiple Output Sources</title>
			<para>Extensions to the XSLT specification (and recommendations for XSLT 2.0) include a mechanism for sending ancillary XML created within the XSLT document to other URLs (either locally or remotely). The use of the &lt;xsl:document&gt; command or similar commands in different implementations means that a single XSLT document can act as a nexus for computation, retrieving information from multiple sources, integrating it, transforming it, then sending multiple output streams to their respective locations. This version of XSLT is extraordinarily powerful, as it makes an XML/XSLT based peer-to-peer network largely possible.</para>
		</page>
        <page>
			<title display="no">Transformations with &lt;xsl:document&gt;</title>
			<embed src="SimpleXSLTTransform4.svg" width="800" height="600" 
      type="image/svg-xml"/> 
        </page>
	</button>
	<button id="xpath" title="XPath">
		<page>
			<title>The Purpose of XPath</title>
			<para>XSLT can appear very difficult to understand at first, especially if you are coming to it from a background working with most of the standard development programs in use today -- C++, Java, Visual Basic, and so forth. However, much of the complexity can be reduced by understanding that, unlike these aforementioned languages,XPath makes sense if the following considerations are applied:</para>
			<point><ph>Works on Sets, Not Scalars.</ph><pd>XPath is a language for retrieving from an XML structure zero or more nodes (elements, attributes, text fields, and so forth) that satisfy a given condition.</pd></point>
			<point><ph>(Mostly) Typeless.</ph><pd>XPath supports on five basic types - node-set, XML fragment, string, number, and document.</pd></point>
			<point><ph>Location Oriented.</ph><pd>XPath describes the location to a given point in an XML tree by providing a directory-like structure.</pd></point>
			<point><ph>Similar In Purpose to SQL.</ph><pd>XPath and SQL both work by retrieving a collection of objects (nodes or records accordingly) and manipulating them as a group.</pd></point>
	  	</page>
		<page>
			<title display="no">Working with XPath</title>			
	  <select value="xpath0" name="resources" id="resources" onchange="window.setPath(resources.value)">
	  	<option value="xpath0" selected="selected">/</option>
	  	<option value="xpath1">/A</option>
	  	<option value="xpath2">/A/B</option>
		<option value="xpath3">/A/*</option>
		<option value="xpath4">/A/*[@b]</option>
		<option value="xpath5">/A/*/D</option>
		<option value="xpath6">/A/*/D[.='bar']</option>
		<option value="xpath7">/A/*/@a</option>
		<option value="xpath8">//*</option>
		<option value="xpath9">/A/B/D/ancestor::A</option>
		<option value="xpath10">/A/B/D/ancestor::*</option>
		<option value="xpath11">/A/descendent::*</option>
		<option value="xpath12">/A/descendent::D</option>
		<option value="xpath13">/A/descendent-or-self::D</option>
		<option value="xpath14">//H/preceding-siblings::*</option>
		<option value="xpath15">//H/preceding-siblings::*[1]</option>
		<option value="xpath16">//D/following-siblings::*</option>
		<option value="xpath17">//D/following-siblings::*[1]</option>
		<option value="xpath18">//D[position()=last()]/following-siblings::*[1]</option>
		<option value="xpath19">//*[@*[number(.)&gt; 6]]</option>
		<option value="xpath20">//*[starts-with(.,'x')]</option>
	  </select>
	  <br/>
	  <embed src="nodeTree1.svg" width="550" height="450"/>
	  	</page>
    </button>
    <button id="intermediateXSLT" title="Intermediate XSLT">
		<page>
			<title display="no">Intermediate XSLT</title>
			<embed src="IntermediateXSLT.svg" width="600" height="600" 
      type="image/svg-xml"/> 
	  	</page>
    </button>
    <button id="variables" title="Variables">
        <page>
        <title>Basics of Variables</title>
        <p>Variables in XSLT are containers for retaining information temporarily and referencing this information later. Unlike other languages, however, such variables once set cannot be changed.  While this tends to make for much more efficient code, it does impose a number of major limitations on how you use variables in XSLT.</p>
        <p>Variables are defined using the &lt;xsl:variable&gt; tag. Variables can appear both as a child of &lt;xsl:stylesheet&gt; and as a child of &lt;xsl:template&gt;, as well as potentially being defined within a different variable or parameter:</p>
        </page>
        <page>
        <title>Declaring Variables</title>
        <p>Variables are defined either by setting the body of the variable to some non-white-space selection of characters or by using the <i>select</i> attribute:</p>
        <code style="font-size:9pt;">&lt;xsl:variable name="<i>varName</i>"&gt;<b>Variable Contents</b>&lt;/xsl:variable&gt;</code>
        <p> - or -</p>
        <code style="font-size:9pt;">&lt;xsl:variable name="<i>varName</i>" select="<i>XPathExpression</i>"/&gt;</code>
        <p>where</p>
        <p><i>varName</i> is the name of a variable, containing upper and lower case characters, numbers, and the punctuation marks "_", "-"and "." ,</p>
        <p><i>Variable Contents</i> is any collection of XML tags or text (or fragments thereof, if encased in a CDATA section),</p>
        <p> and <i>XPath Expression</i> is an evaluated XPath expression, possible containing one or more variables.</p>
        <p>If both ContentType and <i>select</i> attributes are set, the select statement will be the default.</p>
        </page>
        <page>
        <title>Examples of Variable Declaration</title>
        <p>The following assigns the number 3.1415927 to the variable $pi:</p>
        <code>&lt;xsl:variable name="pi" select="3.1415927"/&gt;</code>
        <p>To assign a string to a variable, the string should be double-quoted:</p>
        <code>&lt;xsl:variable name="country" select=" 'Canada' "/&gt;</code>
        <p>This is because the select statement evaluates as an XPath expression. This is wrong:</p>
        <code style="color:red">&lt;xsl:variable name="country" select="Canada"/&gt;</code>
        <p>because it will attempt to evaluate Canada as if it was an XSLT pattern beginning with the node named Canada. </p>        
        </page>
        <page>
        <title>Evaluating Variables</title>
        <p>In order to retrieve the value of a variable, use a $ before that variable's name. For instance,</p>
<pre><![CDATA[<xsl:variable name="game" select=" 'Dungeons and Dragons' "/>
<xsl:value-of select="$game"/>]]></pre>        
        <p>will send the string "Dungeons and Dragons" to the output stream.</p>
        <p>It is also possible to use variables within XPath expressions, and assign the results to other variables. For instance,</p>
<pre><![CDATA[
<xsl:variable name="a" select="3"/>
<xsl:variable select="b" select="4"/>
<xsl:variable select="c" select="$a * $b"/>
]]></pre>        
       <p>sets the value of $c to 12.</p>
        </page>
        <page>
        <title>Assigning a Node-set to a Variable</title>
        <p>The select statement can also assign a set of nodes to a variable, in exactly the same way that the <i>select</i> attribute in an &lt;xsl:apply-templates&gt; command "gathers" a set of nodes. The <i>select</i> attribute assumes that the XPath expression it gives is relative to the current context. For instance, the following &lt;xsl:variable&gt; statements are located as a child of the &lt;xsl:stylesheet&gt; element ($docRoot) and a child of the the "book" match template ($current_title), and as such their contexts are the root of the document (assuming that the first element in the XML source document is &lt;book&gt; and the &lt;book&gt; node of the document respectively.</p>
<pre><![CDATA[
<xsl:stylesheet xmlns:xsl="http://www.w3.org/1999/xsl/Transform" version="1.0">
    <xsl:variable name="docRoot" select="book"/>

    <xsl:template match="/">
        <xsl:apply-templates select="book"/>
    </xsl:template>
    
    <xsl:template match="book">
        <xsl:variable name="current_title" select="title"/>
        <!-- More stuff here -->
    </xsl:template>        
    
</xsl:stylesheet>
]]></pre>
    <p><b>IMPORTANT:</b>As will be demonstrated later, the result of a <i>select</i> statement is a node-<b>set</b>, in other words, zero, one, or many nodes that are all grouped together. Each node in that set also contains that node's children, attributes, and text to the required depth.</p>
        </page>
        <page>
            <title>Evaluating Variables and XPath Expressions in Attributes</title>
            <p>It is not legal XML to have an XML tag within an attribute definition, which means that in order to create dynamically generated attributes it's necessary to use an alternative method for evaluating XPath expressions. XSLT makes use of curly braces {} to indicate that the XPath expression within should be evaluated and inserted into the output stream. For instance, the following both sets the image of a book cover (contained in the hypothetical outline within the element image) and sets that alt tag used to control text appearance (and in some browsers tags) of the image to  the title of the book:</p>
<pre><![CDATA[
<xsl:template match="book">
    <img src="{image}" alt="{title}"/>
</xsl:template>
]]></pre>
            <p>Similarly, you can evaluate variables within the expressions. The following joins the path and filename of a file together and places the result in an image's tag, inserting a forward slash between the two:</p>
<pre><![CDATA[
<xsl:template match="picture">
    <img src="{$path}/{$filename}" alt="{title}"/>
</xsl:template>
]]></pre>
        <p>Note that you the bracketed expressions are evaluated first, the results replacing the bracketed expressions, then the whole is output at one time. <warning>For this reason, you cannot have nested brackets, i.e., {${$myvar}} is illegal.</warning></p>
        </page>
        <page>
            <title>Evaluated Expressions Within XSLT Attributes</title>
            <p>As a general rule, you can use attribute evaluation within XSLT transformations. For instance, you can change the order that a sort is performed by assigning the tokens 'ascending' or 'descending' to a variable (or parameter) called $sortOrder, then set the sort order based upon this variable or parameter:</p>
<pre><![CDATA[
<xsl:variable name="sortOrder" select=" 'ascending' "/>

<xsl:template match="records">
    <xsl:for-each select="record">    
        <xs:sort order="{$sortOrder}" select ="date"/>
        <! -- output each record ordered by ascending date -->
</xsl:template>
]]></pre>
            <p>It should be noted that the <i>select</i> attribute implicitly evaluates expressions, and placing a braced expression within a <i>select</i> attribute will raise an error. Additionally, match expressions likewise evaluates the XPath expression as a predicate, and braces will not work there either. Finally, you cannot use braced expressions in &lt;xsl:output&gt;, &lt;xsl:include&gt; or &lt;xsl:import&gt; statements, nor in the <i>name</i> attributes of &lt;xsl:variable&gt; or &lt;xsl:param&gt; elements.</p>
            <p>You can, however, use evaluated expressions in &lt;xsl:element&gt; or &lt;xsl:attribute&gt; commands. For example, the following will create a new element called invoice:</p> 
<pre><![CDATA[
    <xsl:variable name="elt" select=" 'invoice' "/>
    <xsl:element name="{$elt}"><!-- invoice contents --></xsl:element>
]]></pre>
        <p>This makes it possible to construct elements and attributes based upon the contents of an XML file, rather than defining them as hard values.</p>
        </page>
        <page>
            <title>Referencing Stored Node-sets</title>
            <p>A variable that contains a node-set can be treated as if it was a container node for the node-set. For instance, suppose you wanted to retrieve all the chapters from a given book. This could be done as follows:</p>
<pre><![CDATA[<xsl:variable name="chapters" select="book/chapter"/>]]></pre>
            <p>Once retrieved, the variable can be iterated over using the &lt;xsl:for-each&gt; statement. The following retrieves from each chapter the title of that chapter and displays this information as a list:</p>
<pre><![CDATA[
            <ul>
            <xsl:for-each select="$chapters">
                <li><xsl:value-of select="title"/></li>
            </xsl:for-each>
            </ul>]]></pre>
            <p>It is also possible to use such node-sets variables in other XPath expressions as the root of an XPath query: For instance, the same XSLT can be written as:</p>
<pre><![CDATA[
            <ul>
            <xsl:for-each select="$chapters/title">
                <li><xsl:value-of select="."/></li>
            </xsl:for-each>
            </ul>]]></pre>
         </page>
        <page>
            <title>Variable Scope</title>
            <p>When you define a variable, if the variable is a direct child of the &lt;xsl:stylesheet&gt; element, then it can be referenced anywhere within the stylesheet, including within other variables and parameters, templates and the stylesheet node itself. However, if the variable is defined within a template or variable block, then it is only available within that template. Thus, in the XSLT:</p>
<pre><![CDATA[
<xsl:stylesheet ...>
    <xsl:variable name="a" select="5"/>
    
    <xsl:template match="/">
        <xsl:variable name="b" select="8"/>
        <xsl:value-of select="$a + $b"/> <!-- This is valid -->
        <xsl:apply-templates match="book"/>
    </xsl:template>
    
    <xsl:template match="book">
         <xsl:value-of select="$a + $b"/> <!-- This will generate an error
            because $b is not defined within the template. -->
    </xsl:template>
 </xsl:stylesheet>
]]></pre>
        </page>
        <page>
        <title>Over-riding Variables</title>
        <p>A variable cannot be redefined within the same scope. Thus, </p>
<pre><![CDATA[<xsl:variable name="a" select="5"/>
<xsl:variable name="a" select="$a + 1"/>]]></pre>    
        <p>is invalid in XSLT.</p>
        <p>However, a variable of a given name can override a second variable if that variable is defined in a higher scope. For instance,</p>
<pre><![CDATA[
<xsl:stylesheet ...>
    <xsl:variable name="a" select="5"/>
    
    <xsl:template match="/">
        <xsl:variable name="a" select="8"/>
        <xsl:value-of select="$a"/> <!-- This is valid, and returns the value 8. -->
        <xsl:apply-templates match="book"/>
    </xsl:template>
    
    <xsl:template match="book">
         <xsl:value-of select="$a"/> <!-- This is valid, and returns the value 5 -->
    </xsl:template>
 </xsl:stylesheet>
]]></pre>
        </page>
        <page>
            <title>Using Variables</title>
            <p>The principle reason for using variables in the first place has to do with the ability of variables to maintain state. With the use of XPath functions it's possible to create temporary information that simplifies any subsequent calls using that information. It also makes it possible to store the state of information, shift context via an &lt;xsl:for-each&gt; statement, and still work with the older context. This comes in handy when dealing with complex queries where the context may be shifted two or three times.</p>
        </page>
    </button>
    <button id="stringfunctions" title="String Functions">
        <page>
            <title>String Functions</title>
            <p>XSLT is a pattern matching language specifically designed to handle directed graphs, rather than text. However, a certain basic level of operation is necessary to be able to handle processing of nodes, especially when trying to create more abstract matching routines.  To that end, XPath defines a number of string functions that can somewhat simplify working with text.</p>
			<style>
			li span {color:blue;cursor:hand;}
			</style>
            <ul>
				<li><link page="1">string()</link></li>
				<li><link page="2">string-length()</link></li>
				<li><link page="3">concat()</link></li>
				<li><link page="4">substring()</link></li>
				<li><link page="5">substring-before()</link></li>
				<li><link page="5">substring-after()</link></li>
				<li><link page="6">translate()</link></li>
				<li><link page="7">normalize-space()</link></li>
				<li><link page="8">starts-with()</link></li>				
				<li><link page="8">contains()</link></li>				
            </ul>
        </page>
        <page>
            <title>string(expr)</title>
            <p>The function <b>string()</b> converts its contents into a string, if it can. A number is converted into it's text representation, a node is converted into its text content (all of the text nodes of that node, joined into a single string), and a string is passed without change. String() is most often implicitly called by XSLT, so is typically used either to explicitly make sure that a number is handled as a string or as a way of passing explict string information into an extension function.</p>
<pre><![CDATA[
    <xsl:variable name="bodyText" select="string(body)"/> 
]]></pre>
            <p>converts the body element into it's text node equivalent and outputs the result. </p>
<pre><![CDATA[
    <xsl:variable name="sectionCount" name="count(//section)"/> 
    <xsl:variable name="string($sectionCount)"/> 
]]></pre>
            <p>returns the number of nodes in sectionCount as a string.</p>
        </page>
        <page>
            <title>string-length(expr)</title>
            <p>The function <b>string-length()</b> converts its contents into a string, then counts the number of <i>characters</i> within the string. Note the emphasis on characters - if the string is a unicode string, the value returned will return the character count, not the byte count (which will likely be double the size).</p>
        </page>
        <page>
            <title>concat(expr1,expr2 [[,expr3]])</title>
            <p>Concat() combines two or more string expressions into a single string. There must be at least two arguments, but there can be any number beyond that. The concat() function may seem to be somewhat inconvenient at first glance, especially if you are used to working with the automatic concatenation features of most languages. However, it does make mixed string and number expressions less ambiguous, although whether the trade-off is worth it is still something of an open issue.</p>
<pre><![CDATA[
    <xsl:variable name="fullName" select="concat(firstName,' ',surName)"/> 
]]></pre>
            <p>If firstName is 'Kurt' and surName is 'Cagle' then $fullName is 'Kurt Cagle' ... note the space. XPath expressions are implicitly evaluated and converted into strings within a concat statement:</p>
<pre><![CDATA[
    <xsl:variable name="filename" select="concat('newfile_',position(),'.',$extension)"/> 
]]></pre>
            <p>If the position() returns 4 and $extension has been set to 'xml', then $filename will render as 'newfile_4.xml'.</p>
        </page>
        <page>
            <title>substring(expr,startPos[,numChars])</title>
            <p>The substring() function retrieves part of a string, starting from the character as position <i>startPos</i> and numChars is the number of characters to be retrieved, where positions starts at 1. For instance,</p>
        <pre><![CDATA[<xsl:value-of select="substring('abcdefg',3,2)"/>]]></pre>
        <p>returns the string 'cd'. If no numChars value is given, the function returns all of the characters from the indicated character to the end:</p>
        <pre><![CDATA[<xsl:value-of select="substring('abcdefg',3)"/>]]></pre>
        <p>returns the string 'cdefg'. </p>
        <stats/>
        </page>
        <page>
            <title>substring-before(expr,delimiterStr), substring-after(expr,delimiterStr)</title>
            <para>The substring-before() function locates the delimiter string in a an expression and returns all characters in that string before that delimiter. The substring-after() function does the same thing except it returns the characters after the delimiting string.</para>
			<para>The primary purpose of these two functions is to provide a way to parse strings. For instance, if you have a space separated list of tokens, you can extract those tokens by using a combination of string-before() and string-after() with a space character as the delimiting character via a named template call. The following XSLT named template - splitTokens, convertsa delimited string to a collection of nodes:</para>
        <pre><![CDATA[<?xml-stylesheet type="text/xsl" href="splitTokens.xsl"?>
<xsl:stylesheet xmlns:xsl="http://www.w3.org/1999/XSL/Transform" version="1.0">
	<xsl:output method="xml" media-type="text/xml"/>
	<xsl:template match="/">
		<xsl:variable name="testStr" select=" 'Here is a basic test
		that will appear as succeeding cells in a table.' "/>
		<table border="1">
		<tr>
		<xsl:call-template name="splitTokens">
			<xsl:with-param name="sourceStr" select="$testStr"/>
			<xsl:with-param name="delimiter" select=" ' ' "/>
			<xsl:with-param name="elementName" select=" 'td' "/>
		</xsl:call-template>
		</tr>
		</table>
	</xsl:template>
	
	<xsl:template name="splitTokens">
		<xsl:param name="sourceStr"/>
		<xsl:param name="delimiter" select="','"/>
		<xsl:param name="elementName" select=" 'token' "/>
		<xsl:element name="{$elementName}"><xsl:value-of
		 select="substring-before($sourceStr,$delimiter)"/></xsl:element>
		<xsl:variable name="buffer" 
		select="substring-after($sourceStr,$delimiter)"/>
		<xsl:choose>
			<xsl:when test="contains($buffer,$delimiter)">
				<xsl:call-template name="splitTokens">
					<xsl:with-param name="sourceStr" select="$buffer"/>
					<xsl:with-param name="delimiter" select="$delimiter"/>
					<xsl:with-param name="elementName" select="$elementName"/>
				</xsl:call-template>
			</xsl:when>
			<xsl:otherwise>
				<xsl:if test="string-length($buffer) &gt; 0">
					<xsl:element name="{$elementName}"><xsl:value-of 
					select="$buffer"/></xsl:element>
				</xsl:if>
			</xsl:otherwise>
		</xsl:choose>
	</xsl:template>
</xsl:stylesheet>]]></pre>
        </page>
        <page>
            <title>translate(expr,sourceChars,replaceChars)</title>
            <para>The translate() function makes it possible to map a range of characters onto a different range of characters. While its primary purpose is to handle the conversion of case, at the same time, it can also be used to eliminate problematic characters in strings or replace them with different characters.</para>
			<para>The function works as follows:</para>
			<para>
			<ol>
				<li>Each character in the initial examine is compared against the characters in the sourceChars string.</li>
				<li>If no characters are found in the expression from the sourceChars list, the character is passed through to the resulting buffer.</li>
				<li>On the other hand, if a match is found,then the position of that character is used as an index into the replaceChars string. If a match is found, then the character in the replaceChars string gets passed.</li>
				<li>If the position of the found character in sourceChars is greater than the number of characters in replaceChars, then the character is mapped to the empty string, in other words, eliminated from processing without updating the server.</li>
			</ol>
			</para>
		<para>For instance,</para>	
        <pre><![CDATA[<xsl:value-of select="translate('abcdefg','ae','AE')"/>]]></pre>
        <para>returns the string 'AbcdEdfg', while</para>
        <pre><![CDATA[<xsl:value-of select="translate('abc_defg?','_?','')"/>]]></pre>
        <para>returns the string 'abcdefg', since the underscore and question mark characters get mapped to empty characters. You can also pass entities to translate(), and they will (if they represent single characters) get mapped to the corresponding characters:</para>
        <pre><![CDATA[<xsl:value-of select="translate('abcdefg','a','&#224;')"/>]]></pre>
		<para>will result in the output '&#224;bcdefg'.</para>		
        </page>
		<page>
			<title>normalize-space(expr)</title>
			<para>XSLT has the possibility of adding extraneous space into expressions because of the way that elements are written. The normalize-space() function takes an expression and performs the following tasks:</para>
			<point><ph>Trim Space.</ph><pd>Any white-space - spaces, tabs, carriage returns, etc., are eliminated from both before the first non-whitespace character and after the last-non-whitespace character. For instance,</pd></point>
        <pre><![CDATA[<xsl:value-of select="normalize-whitespace('  abcdefg    ')"/>]]></pre>
		<para>places 'abcdefg' into the output stream.</para>
			<point><ph>Simplify Internal Space.</ph><pd>Any internal whitespace that is contained within one or more non-whitespace characters are reduced to singlespace characters. For instance:</pd></point>
        <pre><![CDATA[<xsl:value-of select="normalize-whitespace('ab   cd e  
		
		fg')"/>]]></pre>
		<para>places 'ab cd e fg' into the output stream.</para>
		</page>
    </button>
    <button id="parameters" title="Parameters">
        <page>
        <title>Introducing Parameters</title>
		<h3><img src="notifymermaid.jpg" align="left"/>Content<br/>to<br/>Come...</h3>
        </page>
    </button>    
    <button id="named_templates" title="Named Templates">
        <page>
        <title>Introducing Named Templates</title>
		<h3><img src="notifymermaid.jpg" align="left"/>Content<br/>to<br/>Come...</h3>
        </page>
    </button>    
    <button id="transientXML" title="Generating Transient XML">
        <page>
        <title>Generating Transient XML</title>
		<h3><img src="notifymermaid.jpg" align="left"/>Content<br/>to<br/>Come...</h3>
        </page>
    </button>    
    <button id="document" title="Document()">
        <page>
        <title>Working with External Documents</title>
		<h3><img src="notifymermaid.jpg" align="left"/>Content<br/>to<br/>Come...</h3>
        </page>
    </button>    
    <button id="includes" title="Includes/Imports">
        <page>
        <title>Importing and Including Files</title>
		<h3><img src="notifymermaid.jpg" align="left"/>Content<br/>to<br/>Come...</h3>
        </page>
    </button>    
    <button id="extensibility" title="Extensibility">
        <page>
        <title>Extending XSLT</title>        
		<h3><img src="notifymermaid.jpg" align="left"/>Content<br/>to<br/>Come...</h3>
        </page>
    </button>        
</bar>