<svg xmlns="http://www.w3.org/2000/svg" xmlns:xlink="http://www.w3.org/1999/xlink">
    <defs>
        <style type="text/css">
.buttonText {font-size:18;text-anchor:middle;dominant-baseline:mathematical;fill:yellow;}
        </style>
        <rect id="rectBase" x="0" y="0" width="100" height="30" stroke="black" stroke-width="2"/>
        <text id="button1Text" class="buttonText" x="50" y="15">Button 1</text>
        <text id="button2Text" class="buttonText" x="50" y="15">Button 2</text>
        <text id="button3Text" class="buttonText" x="50" y="15">Button 3</text>
        <text id="button4Text" class="buttonText" x="50" y="15">Button 4</text>
        <text id="button5Text" class="buttonText" x="50" y="15">Button 5</text>
    </defs>
    <g transform="translate(100,100)" id="buttons">
        <g id="button1" fill="blue">
           <set attributeName="fill" attributeType="CSS" to="red"
           begin="accessKey(1)" fill="freeze"/>
           <set attributeName="fill" attributeType="CSS" to="blue"
           begin="accessKey(2)" fill="freeze"/>
           <set attributeName="fill" attributeType="CSS" to="blue"
           begin="accessKey(3)" fill="freeze"/>
           <set attributeName="fill" attributeType="CSS" to="blue"
           begin="accessKey(4)" fill="freeze"/>
           <set attributeName="fill" attributeType="CSS" to="blue"
           begin="accessKey(5)" fill="freeze"/>
            <use xlink:href="#rectBase" x="0" y="0"/>
            <use xlink:href="#button1Text" x="0" y="0"/>
        </g>
        <g id="button2" transform="translate(100,0)" fill="blue">
           <set attributeName="fill" attributeType="CSS" to="blue"
           begin="accessKey(1)" fill="freeze"/>
           <set attributeName="fill" attributeType="CSS" to="red"
           begin="accessKey(2)" fill="freeze"/>
           <set attributeName="fill" attributeType="CSS" to="blue"
           begin="accessKey(3)" fill="freeze"/>
           <set attributeName="fill" attributeType="CSS" to="blue"
           begin="accessKey(4)" fill="freeze"/>
           <set attributeName="fill" attributeType="CSS" to="blue"
           begin="accessKey(5)" fill="freeze"/>
            <use xlink:href="#rectBase" x="0" y="0"/>
            <use xlink:href="#button2Text" x="0" y="0"/>
        </g>
        <g id="button3" transform="translate(200,0)" fill="blue">
           <set attributeName="fill" attributeType="CSS" to="blue"
           begin="accessKey(1)" fill="freeze"/>
           <set attributeName="fill" attributeType="CSS" to="blue"
           begin="accessKey(2)" fill="freeze"/>
           <set attributeName="fill" attributeType="CSS" to="red"
           begin="accessKey(3)" fill="freeze"/>
           <set attributeName="fill" attributeType="CSS" to="blue"
           begin="accessKey(4)" fill="freeze"/>
           <set attributeName="fill" attributeType="CSS" to="blue"
           begin="accessKey(5)" fill="freeze"/>
            <use xlink:href="#rectBase" x="0" y="0"/>
            <use xlink:href="#button3Text" x="0" y="0"/>
        </g>
        <g id="button4" transform="translate(300,0)" fill="blue">
           <set attributeName="fill" attributeType="CSS" to="blue"
           begin="accessKey(1)" fill="freeze"/>
           <set attributeName="fill" attributeType="CSS" to="blue"
           begin="accessKey(2)" fill="freeze"/>
           <set attributeName="fill" attributeType="CSS" to="blue"
           begin="accessKey(3)" fill="freeze"/>
           <set attributeName="fill" attributeType="CSS" to="red"
           begin="accessKey(4)" fill="freeze"/>
           <set attributeName="fill" attributeType="CSS" to="blue"
           begin="accessKey(5)" fill="freeze"/>
            <use xlink:href="#rectBase" x="0" y="0"/>
            <use xlink:href="#button4Text" x="0" y="0"/>
        </g>
        <g id="button5" transform="translate(400,0)" fill="blue">
           <set attributeName="fill" attributeType="CSS" to="blue"
           begin="accessKey(1)" fill="freeze"/>
           <set attributeName="fill" attributeType="CSS" to="blue"
           begin="accessKey(2)" fill="freeze"/>
           <set attributeName="fill" attributeType="CSS" to="blue"
           begin="accessKey(3)" fill="freeze"/>
           <set attributeName="fill" attributeType="CSS" to="blue"
           begin="accessKey(4)" fill="freeze"/>
           <set attributeName="fill" attributeType="CSS" to="red"
           begin="accessKey(5)" fill="freeze"/>
            <use xlink:href="#rectBase" x="0" y="0"/>
            <use xlink:href="#button5Text" x="0" y="0"/>
        </g>
    </g>
</svg>