<svg xmlns="http://www.w3.org/2000/svg" 
     xmlns:xlink="http://www.w3.org/1999/xlink"
     version="1.0" onload="initSVG(evt)">
	<script language="JavaScript">
var angle=0;
var curValue=0;
var svgDoc=null;

function initSVG(evt){
	svgDoc=evt.target.ownerDocument;
	}

function passState(extObject){
    
    }   

function setDial(value){
	curValue=Math.min(Math.max(value,100),0);
	angle=value*270/100;
	if (angle &lt; 0){angle=0;}
	if (angle &gt; 270){angle=270;}
	needle=svgDoc.getElementById("needle");
	var dial=svgDoc.getElementById("dial");
//    color=rgb(value*255/100,value*255/100,value*255/100);
//    alert(color);
	if (parseInt(value) &gt; 80){
		dial.setAttribute("fill","red");
		}
	else {
		if (parseInt(value) &lt; 60){
			dial.setAttribute("fill","green");
			}
		else {
			dial.setAttribute("fill","yellow");
			}		
		}
	needle.setAttribute("transform","rotate("+angle+")");
	var num=svgDoc.getElementById("gaugeNumber");
	num.childNodes.item(0).setData(value);
//	num.setData(value);
	}	

function getDial(){
	return curValue;
	}	
	
    
function Gauge(){
	this.setDial=setDial;
	this.getDial=getDial;
	}
	
window.gauge=new Gauge();	

	</script>
	<g transform="translate(100,100)" onload="init(evt)">
		<path id="dial" d="M0,0 v-100 a100,100 0 1,1 -100,100z" transform="rotate(-135)"
        style="stroke:blue; stroke-width:1" fill="green">
		</path>
		<g id="needle">
			<line x1="0" y1="0" x2="0" y2="-100" stroke="black" stroke-width="2" transform="rotate(-135)"/>
		</g>
		<text x="0" y="80" font-size="24" id="gaugeNumber">0</text>

	</g>
</svg>