<dir>
<filename>.</filename>
<filename>..</filename>
<filename>inlinesvg.js</filename>
<filename>imbedtest.htm</filename>
<filename>inlinesvg.htm</filename>
<filename>btnTest.xml</filename>
<filename>bar2.svg</filename>
<filename>doc.svg</filename>
<filename>rollovers.htm</filename>
<filename>svgOutline.xml</filename>
<filename>docBookView.xsl</filename>
<filename>xsldot.xsl</filename>
<filename>externalDefs.svg</filename>
<filename>buttonBars.xsl</filename>
<filename>test.svg</filename>
<filename>ERROR.XSL</filename>
<filename>STUB.XML</filename>
<filename>graph.svg</filename>
<filename>buttonData.xml</filename>
<filename>XSERV.ASP</filename>
<filename>bar1.svg</filename>
<filename>btnTest.svg</filename>
<filename>circle.svg</filename>
<filename>circle.htm</filename>
<filename>xslTest.xml</filename>
<filename>bars.htm</filename>
<filename>showPage.xsl</filename>
<filename>svgOutline.htm</filename>
<filename>circle1.htm</filename>
<filename>XSLALaCarte.xml</filename>
<filename>GraphicsForTheWeb.xml</filename>
<filename>page2.xsl</filename>
<filename>StopSign.svg</filename>
<filename>clientTest.xsl</filename>
<filename>embedTest.svg</filename>
<filename>DRAMA1.WAV</filename>
<filename>StopSign.png</filename>
<filename>StopSign2.svg</filename>
<filename>.thumbnails</filename>
<filename>CHORAL2.WAV</filename>
<filename>use.xsl</filename>
<filename>StopSign3.svg</filename>
<filename>embedTest.xml</filename>
<filename>Image1.svg</filename>
<filename>articles.rss</filename>
<filename>chapter3.sxw</filename>
<filename>MathXpression3_1.sxm</filename>
<filename>transforms.svg</filename>
<filename>buttons2.svg</filename>
<filename>call.js</filename>
<filename>articles.xml</filename>
<filename>simpleRect5.svg</filename>
<filename>unitsTest.svg</filename>
<filename>~$apter3.doc</filename>
<filename>clock1.svg</filename>
<filename>hitLog.xml</filename>
<filename>Grid.svg</filename>
<filename>chapter3.rtf</filename>
<filename>SweaterMer0.png</filename>
<filename>drawLogChart1.xsl</filename>
<filename>roundrect.svg</filename>
<filename>kcnet.svg</filename>
<filename>testGraph.svg</filename>
<filename>RayLynch1.mp3</filename>
<filename>drawGridGraph.xsl</filename>
<filename>slider.svg</filename>
<filename>graphtest.svg</filename>
<filename>chapter3.doc</filename>
<filename>inlineTest.htm</filename>
<filename>gridTest.svg</filename>
<filename>roundrect2.svg</filename>
<filename>Grid2.svg</filename>
<filename>PhaseShift.svg</filename>
<filename>null.svg</filename>
<filename>hs~transforms.svg</filename>
<filename>testPage.htm</filename>
<filename>hs~unitsTest.svg</filename>
<filename>Ch3FormulaScalexy.eps</filename>
<filename>Ch3FormulaScalexy.jpg</filename>
<filename>hs~svgOutline.htm</filename>
<filename>dial1.svg</filename>
<filename>kcnet2.svg</filename>
<filename>buttons3.svg</filename>
<filename>inlineXML.htm</filename>
<filename>puzzle.svg</filename>
<filename>dialtest.htm</filename>
<filename>svgTest.svg</filename>
<filename>null.htm</filename>
<filename>hs~null.htm</filename>
<filename>WebServicesFault.svg</filename>
<filename>inlineTest2.htm</filename>
<filename>face.svg</filename>
<filename>XXXf0401.tif</filename>
<filename>XSLTIntro.jpg</filename>
<filename>mermaid1.png</filename>
<filename>opacity.svg</filename>
<filename>steel.svg</filename>
<filename>SimpleXSLTTransform.svg</filename>
<filename>intro.svg</filename>
<filename>textbox.svg</filename>
<filename>SimpleXSLTTransform2.svg</filename>
<filename>Encapsulated.htm</filename>
<filename>hs~bar1.svg</filename>
<filename>IntermediateXSLT.svg</filename>
<filename>overlaytest.htm</filename>
<filename>SimpleXSLTTransform3.svg</filename>
<filename>menuSystem.svg</filename>
<filename>test.xml</filename>
<filename>SimpleXSLTTransform4.svg</filename>
<filename>courses.xml</filename>
<filename>Chapter 4.doc</filename>
<filename>ResourXInterface1.htm</filename>
<filename>menuSystem.xml</filename>
<filename>chapter3a.doc</filename>
<filename>UsefulFilters.svg</filename>
<filename>~WRD1331.tmp</filename>
<filename>ms45.tmp</filename>
<filename>pentagon.svg</filename>
<filename>scrollbarVert.html</filename>
<filename>chapter3.htm</filename>
<filename>chapter3b.doc</filename>
<filename>scrollbarVert.svg</filename>
<filename>tempPage.htm</filename>
<filename>~WRL3160.tmp</filename>
<filename>bggrid.svg</filename>
<filename>~$apter3b.doc</filename>
<filename>more.py</filename>
<filename>pentagons.svg</filename>
<filename>Path1.svg</filename>
<filename>Chapter 3c.doc</filename>
<filename>Path2.svg</filename>
<filename>AddressBook.xml</filename>
<filename>Chapter4.doc</filename>
<filename>cubicBezier.svg</filename>
<filename>~WRL1222.tmp</filename>
<filename>~WRL3648.tmp</filename>
<filename>~WRL3776.tmp</filename>
<filename>Path3.svg</filename>
<filename>~WRL2852.tmp</filename>
<filename>bars_bu.htm</filename>
<filename>UsefulFilters.xml</filename>
<filename>PolygonGenerator.jpg</filename>
<filename>~WRL1434.tmp</filename>
<filename>testvf.xsl</filename>
<filename>0509Apress_Styles.dot</filename>
<filename>strokeZ.svg</filename>
<filename>strokeZ.xml</filename>
<filename>hs~btnTest.svg</filename>
<filename>Desktop.jpg</filename>
<filename>test.htm</filename>
<filename>hs~UsefulFilters.svg</filename>
<filename>DesktopStd.jpg</filename>
<filename>Desktop.tif</filename>
<filename>nodeTree1.svg</filename>
<filename>DesktopA.jpg</filename>
<filename>DesktopB.jpg</filename>
<filename>XSLPresentation.xml</filename>
<filename>nodeTree1_bu.svg</filename>
<filename>splitTokens.xsl</filename>
<filename>embedDLTest.htm</filename>
<filename>videoTest.svg</filename>
<filename>image.svg</filename>
<filename>NotifyMermaid.jpg</filename>
<filename>toc.xml</filename>
<filename>KeyTest.js</filename>
<filename>Mer4b.AVI</filename>
<filename>smallSVG.svg</filename>
<filename>showToc.xsl</filename>
<filename>interface1.svg</filename>
<filename>interface2.svg</filename>
<filename>clock2.svg</filename>
<filename>Color10.jpg</filename>
<filename>StopSign4.svg</filename>
<filename>testComponent.svg</filename>
<filename>mainPage.htm</filename>
<filename>menuTest.htm</filename>
<filename>10.jpg</filename>
<filename>transparencyTest.htm</filename>
<filename>funcNotation1.svg</filename>
<filename>menu.svg</filename>
<filename>speaker.svg</filename>
<filename>paint1.svg</filename>
<filename>smilAnim.htm</filename>
<filename>projects.xml</filename>
<filename>bars.asp</filename>
<filename>funcNotation2.svg</filename>
<filename>title.svg</filename>
<filename>hs~bggrid.svg</filename>
<filename>quickTable.xsl</filename>
<filename>virtualNamedTemplates.xsl</filename>
<filename>Chapter5.doc</filename>
<filename>balloonSymbol.svg</filename>
<filename>spinners.svg</filename>
<filename>redEllipse1.svg</filename>
<filename>WebServicesPresentation.xml</filename>
<filename>clockface.jpg</filename>
<filename>redEllipse2.svg</filename>
<filename>usa.jpg</filename>
<filename>3991270.jpg</filename>
<filename>xlinkTest.svg</filename>
<filename>redEllipse3.svg</filename>
<filename>virtualFunction.xsl</filename>
<filename>multipleCubics.svg</filename>
<filename>WebServicesPre.xml</filename>
<filename>soapPresentation.xml</filename>
<filename>mermaid1.jpg</filename>
<filename>stringUtils.xsl</filename>
<filename>webservices.xml</filename>
<filename>BusinessAPIs.svg</filename>
<filename>multipleCubics2.svg</filename>
<filename>bigpicture.svg</filename>
<filename>marquee.svg</filename>
<filename>extBalloon.svg</filename>
<filename>hs~BusinessAPIs.svg</filename>
<filename>BalloonCall.svg</filename>
<filename>WebServicesWillChangeEverything.svg</filename>
<filename>noemblogo65.gif</filename>
<filename>pattern1.svg</filename>
<filename>WebServicesAreas.svg</filename>
<filename>pattern2.svg</filename>
<filename>speechBubble.svg</filename>
<filename>BusinessAPIs2.svg</filename>
<filename>RoadMap.svg</filename>
<filename>RPCMessaging.svg</filename>
<filename>Chapter4Rev.doc</filename>
<filename>SoapOneWay.xml</filename>
<filename>GnutellaEffect.svg</filename>
<filename>SOAPRequest.xml</filename>
<filename>SOAPResponse.xml</filename>
<filename>SOAPRPCRequest.xml</filename>
<filename>SOAPRPCResponse.xml</filename>
<filename>SOAPHeader.xml</filename>
<filename>SoapFault.xml</filename>
<filename>StockQuote.xml</filename>
<filename>StockQuote.xsd.xml</filename>
<filename>StockQuote.wsdl.xml</filename>
<filename>gradient1.svg</filename>
<filename>pieChart.svg</filename>
<filename>rrectButton1.svg</filename>
<filename>StockQuoteService.wsdl.xml</filename>
<filename>mBoardPic1.svg</filename>
<filename>peerA-peerB.svg</filename>
<filename>WebServicesImage1.svg</filename>
<filename>SOAPEnvelope.svg</filename>
<filename>BlueMermaid.png</filename>
<filename>rrectButton2.svg</filename>
<filename>rrectButton3.svg</filename>
<filename>SOAPEnvelopeClosed.svg</filename>
<filename>StandardColors.svg</filename>
<filename>~WRL2124.tmp</filename>
<filename>externalGradient.svg</filename>
<filename>externalGradientTest.svg</filename>
<filename>Chapter7.doc</filename>
<filename>opacityTypes.svg</filename>
<filename>colorGuns.svg</filename>
<filename>XXXf0501.tif</filename>
<filename>externalGradient.xml</filename>
<filename>gradient2.svg</filename>
<filename>buttonColors.svg</filename>
<filename>XXXf0408.tif</filename>
<filename>~WRL0369.tmp</filename>
<filename>buttonColors2.svg</filename>
<filename>XXXf0402.tif</filename>
<filename>XXXf0403.tif</filename>
<filename>Chapter6.doc</filename>
<filename>~WRL2517.tmp</filename>
<filename>XXXf0404.tif</filename>
<filename>Image2.svg</filename>
<filename>~WRL2527.tmp</filename>
<filename>rrectButton4.svg</filename>
<filename>XXXf0409.tif</filename>
<filename>~WRL2276.tmp</filename>
<filename>gradientOverlays.svg</filename>
<filename>XXXf0506.tif</filename>
<filename>~WRL0145.tmp</filename>
<filename>strokeEffects.svg</filename>
<filename>XXXf0405.tif</filename>
<filename>XXXf0406.tif</filename>
<filename>XXXf0410.tif</filename>
<filename>XXXf0407.tif</filename>
<filename>XXXf0411.tif</filename>
<filename>XXXf0412.tif</filename>
<filename>XXXf0413.tif</filename>
<filename>rrectButton5.svg</filename>
<filename>strokeWidths.svg</filename>
<filename>pieChartRef.svg</filename>
<filename>gradientOverlays2.svg</filename>
<filename>XXXf0414.tif</filename>
<filename>~WRL1674.tmp</filename>
<filename>gradientTransformations.svg</filename>
<filename>~WRL3227.tmp</filename>
<filename>strokeWidths3.svg</filename>
<filename>XXXf0416.tif</filename>
<filename>~WRL3835.tmp</filename>
<filename>XXXf0415.tif</filename>
<filename>XXXf0417.tif</filename>
<filename>XXXf0418.tif</filename>
<filename>strokeWidths2.svg</filename>
<filename>XXXf0503.tif</filename>
<filename>~WRL0765.tmp</filename>
<filename>XXXf0502.tif</filename>
<filename>~WRL2653.tmp</filename>
<filename>XXXf0419.tif</filename>
<filename>XXXf0507.tif</filename>
<filename>~WRL0715.tmp</filename>
<filename>XXXf0420.tif</filename>
<filename>quadraticBeziers.svg</filename>
<filename>XXXf0504.tif</filename>
<filename>XXXf0505.tif</filename>
<filename>XXXf0513.tif</filename>
<filename>~WRL1243.tmp</filename>
<filename>strokelineCap.svg</filename>
<filename>XXXf0509.tif</filename>
<filename>XXXf0516.tif</filename>
<filename>XXXf0517.tif</filename>
<filename>XXXf0508.tif</filename>
<filename>strokeLineJoin.svg</filename>
<filename>XXXf0510.tif</filename>
<filename>XXXf0514.tif</filename>
<filename>~WRL2367.tmp</filename>
<filename>XXXf0511.tif</filename>
<filename>XXXf0512.tif</filename>
<filename>gradient4.svg</filename>
<filename>XXXf0518.tif</filename>
<filename>~WRL0935.tmp</filename>
<filename>XXXf0515.tif</filename>
<filename>XXXf0521.tif</filename>
<filename>~WRL1446.tmp</filename>
<filename>XXXf0519.tif</filename>
<filename>AntiAliased.tif</filename>
<filename>XXXf0520.tif</filename>
<filename>strokeMiterLimit.svg</filename>
<filename>XXXf0522.tif</filename>
<filename>terry0sereia2.gif</filename>
<filename>PreserveAspectRatio.svg</filename>
<filename>BlueButton.png</filename>
<filename>TShirtMer.tif</filename>
<filename>TShirtMer.png</filename>
<filename>maskTest.svg</filename>
<filename>ellipticalArc.svg</filename>
<filename>embeddedDropShadow.svg</filename>
<filename>BlueMermaid.tif</filename>
<filename>TIFTest.svg</filename>
<filename>hs~TIFTest.svg</filename>
<filename>BlueMermaidMask.gif</filename>
<filename>BlueMermaidMask.jpg</filename>
<filename>BlueMermaidMaskBl.jpg</filename>
<filename>deepBlueSea2.svg</filename>
<filename>hs~embeddedDropShadow.svg</filename>
<filename>embedShadowTest.svg</filename>
<filename>hs~embedShadowTest.svg</filename>
<filename>embedShadowTest.htm</filename>
<filename>balloonText.svg</filename>
<filename>deepBlueSea1.svg</filename>
<filename>~WRL2447.tmp</filename>
<filename>~WRL3238.tmp</filename>
<filename>~WRL1645.tmp</filename>
<filename>deepBlueSeaAnim.svg</filename>
<filename>dasharray.svg</filename>
<filename>patternTest.svg</filename>
<filename>hs~patternTest.svg</filename>
<filename>hs~pattern1.svg</filename>
<filename>~WRL2509.tmp</filename>
<filename>dashoffset.svg</filename>
<filename>~WRL2521.tmp</filename>
<filename>~WRL3190.tmp</filename>
<filename>~WRL0328.tmp</filename>
<filename>~WRL1878.tmp</filename>
<filename>~WRL1587.tmp</filename>
<filename>~WRL3663.tmp</filename>
<filename>MermaidFaceEyesOpen.tif</filename>
<filename>MermaidFaceEyesClosed.tif</filename>
<filename>EyeBlinkRight.jpg</filename>
<filename>EyeBlinkLeft.jpg</filename>
<filename>MermaidFaceEyesOpen.png</filename>
<filename>~WRL2633.tmp</filename>
<filename>~WRL1547.tmp</filename>
<filename>spectrumLine.svg</filename>
<filename>~WRL0460.tmp</filename>
<filename>~WRL1864.tmp</filename>
<filename>~WRL4017.tmp</filename>
<filename>spectrumLine2.svg</filename>
<filename>~WRL0154.tmp</filename>
<filename>~WRL0933.tmp</filename>
<filename>~WRL0056.tmp</filename>
<filename>~WRL2981.tmp</filename>
<filename>~WRL1120.tmp</filename>
<filename>~WRL3323.tmp</filename>
<filename>~WRL2707.tmp</filename>
<filename>~WRL1706.tmp</filename>
<filename>~WRL1879.tmp</filename>
<filename>~WRL3095.tmp</filename>
<filename>~WRL1763.tmp</filename>
<filename>~WRL3018.tmp</filename>
<filename>~WRL1121.tmp</filename>
<filename>~WRL0016.tmp</filename>
<filename>~WRL2099.tmp</filename>
<filename>~WRL3553.tmp</filename>
<filename>~WRL0081.tmp</filename>
<filename>www.landisstaefa.it$new$images$mc_sirena.jpg</filename>
<filename>Chapter8.doc</filename>
<filename>text1.svg</filename>
<filename>button1.mp3</filename>
<filename>744468_wm.jpg</filename>
<filename>744467_wm.jpg</filename>
<filename>852910_wm.jpg</filename>
<filename>surekill.mpg</filename>
<filename>text2.svg</filename>
<filename>clock3.svg</filename>
<filename>text3.svg</filename>
<filename>text4.svg</filename>
<filename>GertDanceLft.jpg</filename>
<filename>text5.svg</filename>
<filename>text6.svg</filename>
<filename>anchor.svg</filename>
<filename>Beam_004.mp3</filename>
<filename>verticalText.svg</filename>
<filename>dominantBaseline.svg</filename>
<filename>presentation1.svg</filename>
<filename>textWidthHeightTest.svg</filename>
<filename>buildupTest.svg</filename>
<filename>presentation2.svg</filename>
<filename>dirTest.pl</filename>
<filename>AMBIENCE_SCI_FI_LOW_HO151376.asf</filename>
<filename>pattern3.svg</filename>
<filename>Beep_003.mp3</filename>
<filename>pattern4.svg</filename>
<filename>Boom_002.mp3</filename>
<filename>clipPath4.svg</filename>
<filename>Jingle_003.mp3</filename>
<filename>presentation3.svg</filename>
<filename>dirFile.xml</filename>
<filename>hs~dirFile.xml</filename>
<filename>polygonGenerator.htm</filename>
<filename>hs~dirTest.pl</filename>
<filename>pattern5.svg</filename>
<filename>pattern6svg.html</filename>
<filename>pattern6.svg</filename>
<filename>StockChart.svg</filename>
<filename>XXXf0708.tif.jpg</filename>
<filename>XXXf0708.tif</filename>
<filename>pattern6a.svg</filename>
<filename>XXXf0711.tif</filename>
<filename>WavyTexture.jpg</filename>
<filename>XXXf0709.tif</filename>
<filename>XXXf0710.tif</filename>
<filename>tshirtMermaid_mask.jpg</filename>
<filename>TShirtMer.jpg</filename>
<filename>clipPath1.svg</filename>
<filename>TShirtMerA.png</filename>
<filename>dropShadow1.svg</filename>
<filename>pathTest.htm</filename>
<filename>luxus_big.gif</filename>
<filename>linuxAnimTest.svg</filename>
<filename>clipPath2.svg</filename>
<filename>clipPath3.svg</filename>
<filename>Pattern.jpg</filename>
<filename>dropShadow2.svg</filename>
<filename>canvas.svg</filename>
<filename>PatternBright.jpg</filename>
<filename>textMask.svg</filename></dir>