<svg xmlns="http://www.w3.org/2000/svg" xmlns:xlink="http://www.w3.org/1999/xlink">
<defs>
<image xlink:href="Dusty/DustyWalking_0001.png" id="d01" width="320" height="320"
x="0" y="0"/>
<image xlink:href="Dusty/DustyWalking_0002.png" id="d02" width="320" height="320"
x="0" y="0"/>
<image xlink:href="Dusty/DustyWalking_0003.png" id="d03" width="320" height="320"
x="0" y="0"/>
<image xlink:href="Dusty/DustyWalking_0004.png" id="d04" width="320" height="320"
x="0" y="0"/>
<image xlink:href="Dusty/DustyWalking_0005.png" id="d05" width="320" height="320"
x="0" y="0"/>
<image xlink:href="Dusty/DustyWalking_0006.png" id="d06" width="320" height="320"
x="0" y="0"/>
<image xlink:href="Dusty/DustyWalking_0007.png" id="d07" width="320" height="320"
x="0" y="0"/>
<image xlink:href="Dusty/DustyWalking_0008.png" id="d08" width="320" height="320"
x="0" y="0"/>
<image xlink:href="Dusty/DustyWalking_0009.png" id="d09" width="320" height="320"
x="0" y="0"/>
<image xlink:href="Dusty/DustyWalking_0010.png" id="d10" width="320" height="320"
x="0" y="0"/>
<image xlink:href="Dusty/DustyWalking_0011.png" id="d11" width="320" height="320"
x="0" y="0"/>
<image xlink:href="Dusty/DustyWalking_0012.png" id="d12" width="320" height="320"
x="0" y="0"/>
<image xlink:href="Dusty/DustyWalking_0013.png" id="d13" width="320" height="320"
x="0" y="0"/>
<image xlink:href="Dusty/DustyWalking_0014.png" id="d14" width="320" height="320"
x="0" y="0"/>
<image xlink:href="Dusty/DustyWalking_0015.png" id="d15" width="320" height="320"
x="0" y="0"/>
<image xlink:href="Dusty/DustyWalking_0016.png" id="d16" width="320" height="320"
x="0" y="0"/>
<image xlink:href="Dusty/DustyWalking_0017.png" id="d17" width="320" height="320"
x="0" y="0"/>
<image xlink:href="Dusty/DustyWalking_0018.png" id="d18" width="320" height="320"
x="0" y="0"/>
<image xlink:href="Dusty/DustyWalking_0019.png" id="d19" width="320" height="320"
x="0" y="0"/>
<image xlink:href="Dusty/DustyWalking_0020.png" id="d20" width="320" height="320"
x="0" y="0"/>
<image xlink:href="Dusty/DustyWalking_0021.png" id="d21" width="320" height="320"
x="0" y="0"/>
<image xlink:href="Dusty/DustyWalking_0022.png" id="d22" width="320" height="320"
x="0" y="0"/>
<image xlink:href="Dusty/DustyWalking_0023.png" id="d23" width="320" height="320"
x="0" y="0"/>
<image xlink:href="Dusty/DustyWalking_0024.png" id="d24" width="320" height="320"
x="0" y="0"/>
<image xlink:href="Dusty/DustyWalking_0025.png" id="d25" width="320" height="320"
x="0" y="0"/>
<image xlink:href="Dusty/DustyWalking_0026.png" id="d26" width="320" height="320"
x="0" y="0"/>
<image xlink:href="Dusty/DustyWalking_0027.png" id="d27" width="320" height="320"
x="0" y="0"/>
<image xlink:href="Dusty/DustyWalking_0028.png" id="d28" width="320" height="320"
x="0" y="0"/>
<image xlink:href="Dusty/DustyWalking_0029.png" id="d29" width="320" height="320"
x="0" y="0"/>
<image xlink:href="Dusty/DustyWalking_0030.png" id="d30" width="320" height="320"
x="0" y="0"/>
<linearGradient id="grayGrad">
<stop offset="0%" stop-color="white"/>
<stop offset="100%" stop-color="black"/>
</linearGradient>
</defs>
<rect fill="url(#grayGrad)" x="0" y="0" width="100%" height="100%"/>
<use xlink:href="#d30" x="0" y="0" id="animLeft">
<animate attributeName="xlink:href" attributeType="XML"
fill="freeze"
values="#d01;#d02;#d03;#d04;#d05;#d06;#d07;#d08;#d09;#d10;
#d11;#d12;#d13;#d14;#d15;#d16;#d17;#d18;#d19;#d20;
#d21;#d22;#d23;#d24;#d25;#d26;#d27;#d28;#d29;#d30"
begin="onload" dur="1.5s" repeatCount="indefinite"/>
</use>
</svg>
