<?xml-stylesheet type="text/xsl" href="docBookView.xsl"?>
<book>
    <chapter xmlns:ex="urn:schemas-kurtcagle-net:extensions">
        <title>Graphics for the Web: The Reasons for SVG</title>
        <abstract>In which the author explains why you want to become more familiar with SVG, not to mention shell out good money for this book. Hint: You will probably find very few other places where the discussion of intriguing graphics programming languages intersects with essays about the nature of reality, complexity theory, and the anatomy of mermaids. Okay, maybe not the last one.</abstract>
        <section>
            <title>Why Should You Care About Yet Another Graphics Web Format, and Why the @#*(! Did I Devote an Entire Book To It?</title>
            <abstract>In which the reader finds herself looking for answers about the meaning of life, the absurdities of post-modernist literature and the advantages of scalable vector graphics. With luck, at least the last question will be answered, though I may also be able to at least poke holes in the expression "Post-Modernist"; doesn't the term imply that it will never happen?</abstract>
			<para>Have you ever wondered why there were so many different graphics formats out there? JPEG, GIF, and PNG, TIFF, JIFF, BMP, PS, WMF, GRF, PIC, PCX, Flash, Freehand, Illustrator, Photoshop, the list goes on and on. Even considering just the major types of graphics formats, there are probably on the order of several dozen, and no doubt the list expands by three or four times if you include all of the variations of a given graphic type (TIFF alone has more than thirty different variants).</para>
			<para>This is kind of ironic, because the vast majority of all graphic formats are actually pretty similar. Differences in platform and popularity, ease of use and capability have given rise to a cornucopia of graphics formats, and unfortunately too many formats can be more detrimental in creating application graphics than too few, since each format in turn needs some kind of support code to display it.</para>
			<para>What's worse, whether a graphics format flourishes or disappears seems to be based as much on software industry politics, than anything else. The PNG format, for instance, is probably the most ideal web graphics format ever produced -- capable of supporting everything from 8-bit indexed graphics to extremely rich 64 bit images, alpha channels (multiple levels of transparency), basic animations, and eminently compressible. What's more, unlike the Unisys GIF standard, PNG is non-proprietary. </para>
			<para>However, PNG is still a relatively poorly accepted compared to the number of people who use GIF or JPEG graphics. History, of course, played a big part of this conundrum - GIF images were first licensed by Compuserve from Unisys back in the late 1980s, and became the defacto standard for interface graphics and file exchange within that online service. JPEG was originally developed as a useful way of transmitting journalistic images over the wire, a necessary feature at a time when most modems transmitted in the 2400 bps range. It was adopted as a supported format by the NCSA team from the University of Illinois (who developed the first graphical browser, Mosaic) and when most of the Mosaic team followed Jim Clarke to Southern California, the JPEG image came with them.</para>
			<para>When Unisys saw their graphics format suddenly become the de-facto standard for low resolution graphics, they launched a lawsuit claiming patent infringement. In one of the more questionable legal decisions of the 1990s, the judge found that Compuserve had in fact violated the agreement they had with Unisys, and consequently was liable to pay a penalty for every GIF image on the web. While the two did eventually come to a more reasonable agreement, the reverberations from this event sent shivers throughout the Internet. A consortium of companies, Internet standards bodies, and experts put together a new graphics standard called PNG <editornote>(?abbreviation stands for?)</editornote> which was designed to handle most of the capabilities that GIF and JPEG together provided.</para>
			<para>Launched with great hope and fanfare, PNG hit the graphics market and web designers with a resounding ... thud. Few paint programs supported it yet, and fewer web browsers did (to this day the Internet Explorer implementation of PNG is dubious at best). In time it did make it into many paint programs (Adobe's Photoshop and ImageReady both have supported it for a while, while Macromedia's Fireworks supports it as its primary image format). Additionally, it has made its way into the W3C as the default bitmap standard, but its migration into browsers has been slow, because for some companies it is a graphics format that is only supported in that one product, but still requires significant programmer commitment to implement it fully.</para>
			<para>PNG is significant for what it says about another standard, Scalable Vector Graphics, the focus of this book. To appreciate this, it's worth understanding that while HTML is a format for the creation of web pages - a kind of Graphical User Interface for the web, if you will - it is not a language that is designed for creating graphics. In many respects, HTML (and it's XML based descendant XHTML) is a language for integrating other things into a browser's display window. Graphics were among the first things to be integrated, within Mosaic, but such graphics were always seen as being very much secondary to the primary goal of HTML, the presentation of text information.</para>
			<para>If you look at most contemporary programming language, you'll  discover that they have for a while been moving to component architectures. Java Beans, Windows ActiveX components, Tcl Widgets, all of these represent the same idea: create graphical components (treeview, listboxes, grids, dialog boxes and so forth), drop them into a form or window builder, match events associated with each component to the appropriate event handlers, and you have an active GUI. In many cases, when you couple these routines with similar design time calls into some form of database, you end up with your complete application. </para>
			<para>HTML has the capability of adding components to it through a number of different mechanisms - the <ex:tag>object</ex:tag> tag, the <ex:tag>applet</ex:tag>, the <ex:tag>embed</ex:tag> tag, and so forth. These evolved in response to the browser wars of the mid-1990s, in which Netscape and Microsoft both attempted to produce browsers that would best help them lock web developers into their version of HTML. The <ex:tag>embed</ex:tag> is the most generic of the three - object and applet explicitly specify ActiveX objects and Java applets explicitly, while embed can be used to embed any component, regardless of its underlying architecture. Additionally, the <ex:tag>img</ex:tag> also displays certain types of graphical files, including digital video.</para>
			<para>These are also the vehicle that almost all graphics solutions to date have taken to be displayed in a web page. While this is generally a good thing, applications such as Macromedia Flash, one of the most pervasive plug-ins on the planet, illustrate the danger in such an approach. Flash is more than just an animation package. It includes hooks to perform fairly sophisticated user interface calls, and can effectively replace the vanilla HTML GUI with one that's more, well, flashy. Unfortunately, it also removes much of the interface from the knowledge of HTML, so that if Flash is diabled the ability to work with those interfaces become seriously compromised. Finally, while it is unlikely to happen, Flash, like GIF, is a proprietary format, although Macromedia has made public the specific format that Flash files use.</para>
			<para>SVG is written in XML, and more importantly, it is an open standard that is maintained by the World Wide Web Consortium (W3C). You can write SVG in a text editor, can create it in a graphics program like Adobe Illustrator, can generate it using DOM calls or transform it using XSLT from XML sources. </para>

        </section>
        <section>
            <title>Bitmaps and Vectors: A Quick Tutorial</title>
            <abstract>The distinction between bitmap and vector graphics is easily grasped, but sometimes the  most obvious aspects of a thing are not necessarily its most important. Herein I look at what exactly both and bitmap and a vector graphic is, and show that in the SVG world the distinctions are not in fact as clear cut as you might think.</abstract>
        </section>
        <section>
            <title>The Mantra of Scalability</title>
            <abstract>Scalability is one of those terms that is passed around a lot in marketing circles. Ironically, with respect to SVG, it is something of a pun (well, if you like your puns VERY dry, at any rate). Graphics that are scalable can change dimensions without losing resolution. However, SVG is also about the ability to create tight code that can incorporate multiple levels of resolution using pieces from multiple sources simultaneously. SVG is potentially a community solution, and may give an opportunity to build graphics that are constantly changing.</abstract>
        </section>
        <section>
            <title>Programming With Pictures</title>
            <abstract>What do you call an application that can incorporate sound and video, can handle mouse and keyboard events, can present sophisticated animation, maintain its own data store, be used to write games, interactive training and entertainment? Why SVG, of course. </abstract>
        </section>                
        <section>
            <title>SVG: Graphics in the World of XML</title>
            <abstract>SVG doesn't really exist by its lonesome. While it is certainly possible to have SVG documents that can be viewed directly, in all likelihood SVG is more likely to be found as part of some other XML structure -- XHTML, WML, passed via SOAP, accessible as a reference in a semantic library. Within this section, I want to review how SVG relates to everything else in the XML universe, and why being XML is SO important to its evolution.</abstract>
        </section>
        <section>
            <title>Getting the Most From This Book</title>
            <abstract>This is the obligatory "How do I use this stuff" section. It explains my rather idiosyncratic way of writing, gives you a few tips on how to become more proficient with SVG, and may even be useful in explaining what can be done with this book after it's gone into the remainder bin at B&amp;N. I sure would like to know how to make the book useful at that point, at any rate.</abstract>
        </section>                
    </chapter>
</book>