<?xml-stylesheet type="text/xsl" href="drawGridGraph.xsl"?>
<hitlog date="2001-08-01">
	<record time="01:00:00">
		<hits>2741</hits>
		<visitors>192</visitors>
	</record>
	<record time="02:00:00">
		<hits>2992</hits>
		<visitors>165</visitors>
	</record>
	<record time="03:00:00">
		<hits>971</hits>
		<visitors>85</visitors>
	</record>
	<record time="04:00:00">
		<hits>1242</hits>
		<visitors>126</visitors>
	</record>
	<record time="05:00:00">
		<hits>1892</hits>
		<visitors>184</visitors>
	</record>
	<record time="06:00:00">
		<hits>2219</hits>
		<visitors>175</visitors>
	</record>
	<record time="07:00:00">
		<hits>2999</hits>
		<visitors>212</visitors>
	</record>
	<record time="08:00:00">
		<hits>3259</hits>
		<visitors>294</visitors>
	</record>
	<record time="09:00:00">
		<hits>3817</hits>
		<visitors>325</visitors>
	</record>
	<record time="10:00:00">
		<hits>4010</hits>
		<visitors>362</visitors>
	</record>
	<record time="11:00:00">
		<hits>4412</hits>
		<visitors>382</visitors>
	</record>
	<record time="12:00:00">
		<hits>4755</hits>
		<visitors>372</visitors>
	</record>
	<record time="13:00:00">
		<hits>5110</hits>
		<visitors>421</visitors>
	</record>
	<record time="14:00:00">
		<hits>4662</hits>
		<visitors>400</visitors>
	</record>
	<record time="15:00:00">
		<hits>2742</hits>
		<visitors>310</visitors>
	</record>
	<record time="16:00:00">
		<hits>4012</hits>
		<visitors>385</visitors>
	</record>
	<record time="17:00:00">
		<hits>3824</hits>
		<visitors>363</visitors>
	</record>
	<record time="18:00:00">
		<hits>3629</hits>
		<visitors>312</visitors>
	</record>
	<record time="19:00:00">
		<hits>3109</hits>
		<visitors>292</visitors>
	</record>
	<record time="20:00:00">
		<hits>2994</hits>
		<visitors>287</visitors>
	</record>
	<record time="21:00:00">
		<hits>2317</hits>
		<visitors>222</visitors>
	</record>
	<record time="22:00:00">
		<hits>1921</hits>
		<visitors>92</visitors>
	</record>
	<record time="23:00:00">
		<hits>1886</hits>
		<visitors>142</visitors>
	</record>
	<record time="24:00:00">
		<hits>1643</hits>
		<visitors>192</visitors>
	</record>
</hitlog>