<svg width="6in" height="6in" viewBox="0 0 6 6" xmlns:xlink="http://www.w3.org/1999/XLink">
	<defs>
		<path id="arrowBarBase" d="m0,0 l3,0 l0.25,0.25 l-0.25,0.25 l-3,0 l0,0.5z"/>
		<use id="arrowBar" xlink:href="#arrowBarBase" fill="navy" stroke="black" stroke-width="0.1"/>
		<use id="arrowBarHi" xlink:href="#arrowBarBase" fill="navy" stroke="yellow" stroke-width="0.1"/>
		<use id="arrowBarDown" xlink:href="#arrowBarBase" fill="blue" stroke="yellow" stroke-width="0.1"/>
	</defs>
	<g transform="translate(0,0)" id="bar1">
		<use xlink:href="#arrowBar">
			<set attributeName="xlink:href" attributeType="XML" to="#arrowBarHi" begin="bar1.mouseover" end="bar1.mouseout"/>
		</use>
	</g>
</svg>