<svg viewBox="0 0 1000 750" preserveAspectRatio="none" xmlns:xlink="http://www.w3.org/1999/xlink">
    <script>
function setClass(evt,className){
    var el=evt.target;
    el.setAttribute("class",className)
    }

function reload(){
    location.href=location.href;
    }    
    </script>
    <defs>
        <linearGradient gradientTransform="rotate(0)" id="blueGrad1">
            <stop offset="0%" stop-color="blue"/>
            <stop offset="100%" stop-color="navy"/>
        </linearGradient>
        <linearGradient gradientTransform="rotate(90)" id="yellowGrad1">
            <stop offset="0%" stop-color="yellow"/>
            <stop offset="150%" stop-color="yellow"/>
        </linearGradient>
        <linearGradient gradientTransform="rotate(90)" id="yellowGrad2">
            <stop offset="0%" stop-color="white"/>
            <stop offset="90%" stop-color="yellow"/>
            <stop offset="120%" stop-color="red"/>
        </linearGradient>
        <linearGradient gradientTransform="rotate(90)" id="yellowGrad3">
            <stop offset="0%" stop-color="red"/>
            <stop offset="100%" stop-color="maroon"/>
        </linearGradient>
        <radialGradient gradientTransform="translate(0.05,-0.05)" id="bulletGrad">
            <stop offset="0%" stop-color="lightBlue"/>
            <stop offset="80%" stop-color="navy"/>
            <stop offset="100%" stop-color="blue"/>
        </radialGradient>
        <rect id="background" class="background" x="0" y="0" width="1000" height="750"/>
        <circle id="bullet" cx="0" cy="0" r="20" fill="url(#bulletGrad)"/>
        <text id="title" class="title" x="0" y="0">SVG Component Uses</text>
        <text id="decorativeText" class="item">
            <tspan x="0" y="0">Custom Decorative Elements such as</tspan>
            <tspan x="0" y="40">gradients and patterns.</tspan>
        </text>
        <g id="decorative">
            <use xlink:href="#bullet" x="-30" y="-10"/>
            <use xlink:href="#decorativeText" x="0" y="0"/>
        </g>
        <marker id="Triangle"
          viewBox="0 0 10 10" refX="0" refY="5" 
          markerUnits="strokeWidth"
          markerWidth="4" markerHeight="3"
          fill="red"
          orient="auto">
          <path d="M 0 0 L 10 5 L 0 10 z" />
          
        </marker>
        <line x1="0" y1="0" x2="100" y2="0" stroke="red" stroke-width="20" marker-end="url(#Triangle)" id="arrow"/>
    </defs>
    <g>
       <use xlink:href="#background"/>
       <a>
       <use xlink:href="#title" x="50" y="80" class="title" id="Title">
<!--        <animateTransform attributeName="transform" attributeType="XML" type="rotate" values="90;0" dur="2s" fill="freeze" begin="0s"/> -->
       </use>
       </a>
       <g onmouseover="setClass(evt,'itemHigh')" onmouseout="setClass(evt,'item')" onmousedown="setClass(evt,'itemDown')" onmouseup="setClass(evt,'itemHigh')">
       <a>
       <use xlink:href="#decorative" x="100" y="150" opacity="1" class="item" id="Decorative">
<!--        <animate attributeName="opacity" attributeType="CSS" values="0;1" dur="2s" fill="freeze" begin="Title.click"/>
        <animateTransform attributeName="transform" attributeType="XML" type="scale"  values="6;1" dur="2s" fill="freeze" begin="Title.click"/> -->
       </use>
       </a>
    </g>
    </g>
</svg>