<?xml-stylesheet type="text/xsl" href="inlineXsl.xml#xform"?>
<document>
	<doc>
		<name>Thomas Genzer</name>
		<name>Kurt Cagle</name>
		<name>Richard Feynman</name>
	</doc>
	<xsl:stylesheet
		xmlns:xsl="http://www.w3.org/1999/XSL/Transform"
		version="1.0"
		id="xform">
		<xsl:template match="/">
			<xsl:apply-templates select="document"/>
		</xsl:template>
		<xsl:template match="document">
			<html>
				<head>
					<title>Smart Guys</title>
				</head>
				<body>
					<h1>Smart Guys</h1>
					<xsl:apply-templates select="*"/>
				</body>
			</html>
		</xsl:template>
		<xsl:template match="xsl:*"/>
		<xsl:template match="doc">
			<ol>
			<xsl:apply-templates select="name"/>
			</ol>
		</xsl:template>
		<xsl:template match="name">
			<li><xsl:value-of select="."/></li>
		</xsl:template>
	</xsl:stylesheet>
</document>
