<document>
    <page id="intro">
        <embed src="metaphoricalWebLogo.svg" width="400" height="600" wmode="transparent"/>
    </page>
    <page id="SVG_resources">
        <h1>SVG Resources</h1>
    </page>
    <page id="XSLT_resources">
        <h1>XSLT Resources</h1>
    </page>
    <page id="metaphoric_Web">
        <h1>The Metaphoric Web</h1>
    </page>
    <page id="essays">
        <h1>Essays</h1>
    </page>
    <page id="cv">
        <h1>Curriculum Vitae</h1>
    </page>
</document>