<svg xmlns:xlink="http://www.w3.org/1999/XLink">
    <defs>
        <radialGradient id="buttonInactiveFill">
            <stop offset="0%" stop-color="red"/>
            <stop offset="100%" stop-color="maroon"/>
        </radialGradient>
        <radialGradient id="buttonActiveFill">
            <stop offset="0%" stop-color="yellow"/>
            <stop offset="100%" stop-color="red"/>
        </radialGradient>
        <svg width="100" height="100" viewBox="0 0 100 100" preserveAspectRatio="none" id="grid">
            <g id="gradHor">
            <line x1="0" x2="100" y1="0" y2="0" id="horLine"/>
            <use xlink:href="#horLine" x="0" y="0" stroke-width="2"/>
            <use xlink:href="#horLine" x="0" y="10"/>
            <use xlink:href="#horLine" x="0" y="20"/>
            <use xlink:href="#horLine" x="0" y="30"/>
            <use xlink:href="#horLine" x="0" y="40"/>
            <use xlink:href="#horLine" x="0" y="50" stroke-width="1"/>
            <use xlink:href="#horLine" x="0" y="60"/>
            <use xlink:href="#horLine" x="0" y="70"/>
            <use xlink:href="#horLine" x="0" y="80"/>
            <use xlink:href="#horLine" x="0" y="90"/>
            <use xlink:href="#horLine" x="0" y="100" stroke-width="2"/>
            </g>
            <use xlink:href="#gradHor" transform="rotate(90),translate(0,-100)"/>
        </svg>
        <rect width="100" height="30" x="0" y="0" rx="5" ry="5" id="buttonBase" stroke="black" stroke-width="2"/>
        <use xlink:href="#buttonBase" x="0" y="0" id="buttonInactive" fill="url(#buttonInactiveFill)"/>
        <use xlink:href="#buttonBase" x="0" y="0" id="buttonActive" fill="url(#buttonActiveFill)"/>
        <g id="button1">
            <use xlink:href="#buttonInactive" x="0" y="0" id="button1">
                <set attributeName="xlink:href" attributeType="XML" to="#buttonActive" begin="click" end="buttons.click"/>
            </use>
        </g>
    </defs>
    <g transform="translate(100,100)">
        <use xlink:href="#button1"/>
    </g>
    <g transform="translate(300,250),scale(2)">
        <use xlink:href="#grid" stroke="blue" x="0" y="0" stroke-width="0.5" opacity="0.5"/>
        <use xlink:href="#grid" stroke="red" x="0" y="0" stroke-width="0.5">
            <animateTransform attributeName="transform" attributeType="XML" type="rotate" from="0" to="360" dur="4s" begin="0s"/>
        </use>
    </g>
</svg>

