<svg xmlns="http://www.w3.org/2000/svg" xmlns:xlink="http://www.w3.org/1999/xlink">
<defs>
<image xlink:href="SweaterMer_0001.png" width="80" height="160" y="160" id="figure"/>
</defs>
<use xlink:href="#figure">
<animate attributeName="x" attributeType="XML"
values="0;100;200;300;400;500;400;300;200;100;0" dur="5s"
keyTimes="0;.2;.35;.45;.48;.5;.52;.55;.65;.8;1" begin="load"
repeatCount="indefinite" />
</use>
<use xlink:href="#figure">
<animate attributeName="x" attributeType="XML"
values="0;100;200;300;400;500;400;300;200;100;0" dur="5s"
keyTimes="0;.025;.05;.1;.2;.5;.8;.9;.95;.975;1" begin="load"
repeatCount="indefinite"/>
</use>
<use xlink:href="#figure">
<animate attributeName="x" attributeType="XML"
values="0;100;200;300;400;500;400;300;200;100;0" dur="5s" begin="load"
repeatCount="indefinite"/>
</use>
</svg>
