<?xml-stylesheet type="text/xsl" href="quickTable.xsl"?>
<projects>
	<project>
		<title>Programming SVG</title>
		<type>Book</type>
		<for>APress Publishing</for>
		<recurring>No</recurring>
		<revenue>7500</revenue>
		<comments>About 25% completed</comments>
	</project>
	<project>
		<title>Programming Column for TopXML</title>
		<type>Column</type>
		<for>TopXML</for>
		<recurring>Weekly</recurring>
		<revenue>500</revenue>
		<comments>Projected, still in negotiation</comments>
	</project>
	<project>
		<title>XML Column for DevX</title>
		<type>Column</type>
		<for>DevX</for>
		<recurring>Monthly</recurring>
		<revenue>750</revenue>
		<comments>This is a floor. I can write more per month.</comments>
	</project>
	<project>
		<title>XML Column for XML Magazine</title>
		<type>Column</type>
		<for>Fawcette</for>
		<recurring>BiMonthly</recurring>
		<revenue>1000</revenue>
		<comments>This is a floor. I can write more per month.</comments>
	</project>
	<project>
		<title>SVG Article for ASPToday</title>
		<type>Article</type>
		<for>Wrox</for>
		<recurring>No</recurring>
		<revenue>800</revenue>
		<comments>This is a floor. I can write more per month.</comments>		
	</project>
	<project>
		<title>Semantic Web Article for WebTechniques</title>
		<type>Article</type>
		<for>Web Techniques</for>
		<recurring>No</recurring>
		<revenue>1500</revenue>
		<comments>none</comments>
	</project>
	<project>
		<title>Web Sphere Review for XML Magazine</title>
		<type>Article</type>
		<for>Fawcette</for>
		<recurring>No</recurring>
		<revenue>1500</revenue>
		<comments>Due at end of month</comments>
	</project>
	<project>
		<title>Bid for Prototype Training interface</title>
		<type>Programming/Design</type>
		<for>ResourX</for>
		<recurring>No</recurring>
		<revenue>5000</revenue>
		<comments>(Bid in Progress)</comments>
	</project>
	<project>
		<title>Chapter Edits for Beginning XML</title>
		<type>Book</type>
		<for>Wrox</for>
		<recurring>No</recurring>
		<revenue>1000</revenue>
		<comments>Completed, payment pending</comments>
	</project>
	<project>
		<title>XSLT Training for Illuminet</title>
		<type>Training</type>
		<for>Illuminet</for>
		<recurring>No</recurring>
		<revenue>800</revenue>
		<comments>Completed, payment pending</comments>
	</project>
</projects>
