<?xml version="1.0" encoding="UTF-8"?>
<!-- edited with XML Spy v4.1 (http://www.xmlspy.com) by Dorothy J Hoskins (ResourX Consulting) -->
<?xml:stylesheet type="text/xsl" href="skiltabl.xsl"?>
<skills>
	<skill skill_ID="1" class="ARCHITECTURE" type="BI&amp;W TECH" level="1">
		<shortname>9iAS-DISCV</shortname>
		<longname>9iAS Discoverer</longname>
	</skill>
	<skill skill_ID="2" class="ARCHITECTURE" type="BI&amp;W TECH" level="2">
		<shortname>BIBEANS</shortname>
		<longname>Business Intelligence Beans</longname>
	</skill>
	<skill skill_ID="3" class="ARCHITECTURE" type="BI&amp;W TECH" level="3">
		<shortname>DATAMINE</shortname>
		<longname>Data Mining</longname>
	</skill>
	<skill skill_ID="4" class="ARCHITECTURE" type="BI&amp;W TECH" level="4">
		<shortname>DISCVOLD</shortname>
		<longname>Discoverer pre-9iAS</longname>
	</skill>
	<skill skill_ID="5" class="ARCHITECTURE" type="BI&amp;W TECH" level="2">
		<shortname>DWQUERY</shortname>
		<longname>Data Warehouse Query Optimization.</longname>
	</skill>
	<skill skill_ID="6" class="ARCHITECTURE" type="BI&amp;W TECH" level="4">
		<shortname>EXPRESS</shortname>
		<longname>Express</longname>
	</skill>
	<skill skill_ID="7" class="ARCHITECTURE" type="BI&amp;W TECH" level="1">
		<shortname>OWB</shortname>
		<longname>Oracle Warehouse Builder </longname>
	</skill>
	<skill skill_ID="145" class="DEVELOPMENT" type="DEVELOPMENT TECH" level="3">
		<shortname>JAVASERVL</shortname>
		<longname>Java Servlets.</longname>
	</skill>
	<skill skill_ID="146" class="DEVELOPMENT" type="DEVELOPMENT TECH" level="2">
		<shortname>JBUILDER</shortname>
		<longname>Borland JBuilder.</longname>
	</skill>
	<skill skill_ID="147" class="DEVELOPMENT" type="DEVELOPMENT TECH" level="3">
		<shortname>JDBCONNECT</shortname>
		<longname>Java Database Connectivity.</longname>
	</skill>
	<skill skill_ID="148" class="DEVELOPMENT" type="DEVELOPMENT TECH" level="4">
		<shortname>LDAP</shortname>
		<longname>ldap (Lightweight Directory Access Protocol)</longname>
	</skill>
	<skill skill_ID="149" class="DEVELOPMENT" type="DEVELOPMENT TECH" level="1">
		<shortname>MAPPLETS</shortname>
		<longname>Microsoft Applets</longname>
	</skill>
	<skill skill_ID="150" class="DEVELOPMENT" type="DEVELOPMENT TECH" level="2">
		<shortname>MASP</shortname>
		<longname>Microsoft Active Server Pages</longname>
	</skill>
	<skill skill_ID="151" class="DEVELOPMENT" type="INTEGRATION" level="4">
		<shortname>APPSINTERC</shortname>
		<longname>Applications Interconnect</longname>
	</skill>
	<skill skill_ID="152" class="DEVELOPMENT" type="INTEGRATION" level="3">
		<shortname>SOAP</shortname>
		<longname>SOAP (Simple Object Access Protocol)</longname>
	</skill>
	<skill skill_ID="153" class="DEVELOPMENT" type="INTEGRATION" level="1">
		<shortname>TELEPHONY</shortname>
		<longname>Telephony Integration.</longname>
	</skill>
	<skill skill_ID="154" class="DEVELOPMENT" type="ORACLE DEVELOPMENT SUITE" level="1">
		<shortname>9IASPORTAL</shortname>
		<longname>9iAS Portal</longname>
	</skill>
	<skill skill_ID="155" class="DEVELOPMENT" type="ORACLE DEVELOPMENT SUITE" level="2">
		<shortname>9IPERSONAL</shortname>
		<longname>9i Personalization</longname>
	</skill>
	<skill skill_ID="213" class="EBUSINESS SUITE" type="BUSINESS INTELLIGENCE" level="2">
		<shortname>BALSCORE</shortname>
		<longname>Balanced Scorecard.</longname>
	</skill>
	<skill skill_ID="214" class="EBUSINESS SUITE" type="BUSINESS INTELLIGENCE" level="3">
		<shortname>CALLCTRIN</shortname>
		<longname>Call Center Intelligence</longname>
	</skill>
	<skill skill_ID="215" class="EBUSINESS SUITE" type="BUSINESS INTELLIGENCE" level="4">
		<shortname>CUSTINTEL</shortname>
		<longname>Customer Intelligence</longname>
	</skill>
	<skill skill_ID="216" class="EBUSINESS SUITE" type="BUSINESS INTELLIGENCE" level="3">
		<shortname>EBI</shortname>
		<longname>eBusiness Intelligence Foundation</longname>
	</skill>
	<skill skill_ID="405" class="EDUC TRACK" type="ROLES" level="3">
		<shortname>DATAARCH</shortname>
		<longname>Data Architect </longname>
	</skill>
	<skill skill_ID="406" class="EDUC TRACK" type="ROLES" level="2">
		<shortname>DBA</shortname>
		<longname>Database Administrator</longname>
	</skill>
	<skill skill_ID="407" class="EDUC TRACK" type="ROLES" level="3">
		<shortname>DMFGTSPEC</shortname>
		<longname>Manufacturing Applications Specialist</longname>
	</skill>
	<skill skill_ID="408" class="EDUC TRACK" type="ROLES" level="4">
		<shortname>EADVISOR</shortname>
		<longname>eAdvisor</longname>
	</skill>
	<skill skill_ID="409" class="EDUC TRACK" type="ROLES" level="1">
		<shortname>EARCHITECT</shortname>
		<longname>eArchitect</longname>
	</skill>
	<skill skill_ID="410" class="EDUC TRACK" type="ROLES" level="2">
		<shortname>ECOMSPEC</shortname>
		<longname>eCommerce Applications Specialist</longname>
	</skill>
	<skill skill_ID="411" class="EDUC TRACK" type="ROLES" level="na">
		<shortname>EXCHSPEC</shortname>
		<longname>Exchanges Applications Specialist</longname>
	</skill>
</skills>

