<example>
HTTP/1.1 200 OK
Content-Type: text/xml; charset="utf-8"
Content-Length: nnnn

<env:Envelope xmlns:env="http://www.w3.org/2001/06/soap-envelope" >
   <env:Body>
       <m:GetLastTradePriceResponse
             env:encodingStyle="http://www.w3.org/2001/06/soap-encoding"
             xmlns:m="http://example.org/2001/06/quotes" >
           <PriceAndVolume>
               <LastTradePrice>34.5</LastTradePrice>
               <DayVolume>10000</DayVolume>
           </PriceAndVolume>
       </m:GetLastTradePriceResponse>
   </env:Body>
</env:Envelope>
</example>
