<example>
HTTP/1.1 200 OK
Content-Type: text/xml; charset="utf-8"
Content-Length: nnnn

<env:Envelope xmlns:env="http://www.w3.org/2001/09/soap-envelope" >
   <env:Header>
       <t:Transaction xmlns:t="http://example.org/tx"
                      xmlns:xsi="http://www.w3.org/2001/XMLSchema-instance"
                      xmlns:xs="http://www.w3.org/2001/XMLSchema"
                      xsi:type="xs:int"
                      env:encodingStyle="http://www.w3.org/2001/09/soap-encoding"
                      env:mustUnderstand="1" >
           5
       </t:Transaction>
   </env:Header>
   <env:Body>
       <m:GetLastTradePriceResponse
             env:encodingStyle="http://www.w3.org/2001/09/soap-encoding"
             xmlns:m="http://example.org/quotes" >
           <Price>34.5</Price>
       </m:GetLastTradePriceResponse>
   </env:Body>
</env:Envelope>
</example>
