<example>
POST /StockQuote HTTP/1.1
Host: www.stockquoteserver.com
Content-Type: text/xml; charset="utf-8"
Content-Length: nnnn

<env:Envelope xmlns:env="http://www.w3.org/2001/09/soap-envelope" >
   <env:Body>
       <m:GetLastTradePriceDetailed
             env:encodingStyle="http://www.w3.org/2001/09/soap-encoding"
             xmlns:m="http://example.org/quotes" >
           <Symbol>DEF</Symbol>
           <Company>DEF Corp</Company>
       </m:GetLastTradePriceDetailed>
   </env:Body>
</env:Envelope>
</example>
