<example>
HTTP/1.1 500 Internal Server Error
Content-Type: text/xml; charset="utf-8"
Content-Length: nnnn

<env:Envelope xmlns:env="http://www.w3.org/2001/09/soap-envelope" >
  <env:Body>
    <env:Fault>
      <faultcode>env:Server</faultcode>
      <faultstring>Server Error</faultstring>
      <detail>
        <e:myfaultdetails xmlns:e="http://example.org/2001/09/faults" >
          <message>My application didn't work</message>
          <errorcode>1001</errorcode>
        </e:myfaultdetails>
      </detail>
    </env:Fault>
 </env:Body>
</env:Envelope>
</example>
