<svg viewBox="0 0 1000 750" preserveAspectRatio="none" xmlns:xlink="http://www.w3.org/1999/xlink">
        <!-- Script declarations -->
    <script>//<![CDATA[
function setClass(evt,className){
    var el=evt.target;
    el.setAttribute("class",className)
    }

function reload(){
    location.href=location.href;
    }    
//]]>    </script>

    <!-- Definitions -->    
    <defs>
        <!-- Gradients, patterns and image declarations -->
        <linearGradient gradientTransform="rotate(0)" id="blueGrad1">
            <stop offset="0%" stop-color="blue"/>
            <stop offset="100%" stop-color="navy"/>
        </linearGradient>
        <linearGradient gradientTransform="rotate(90)" id="yellowGrad1">
            <stop offset="0%" stop-color="yellow"/>
            <stop offset="150%" stop-color="yellow"/>
        </linearGradient>
        <linearGradient gradientTransform="rotate(90)" id="yellowGrad2">
            <stop offset="0%" stop-color="white"/>
            <stop offset="90%" stop-color="yellow"/>
            <stop offset="120%" stop-color="red"/>
        </linearGradient>
        <linearGradient gradientTransform="rotate(90)" id="yellowGrad3">
            <stop offset="0%" stop-color="red"/>
            <stop offset="100%" stop-color="maroon"/>
        </linearGradient>
        <radialGradient gradientTransform="translate(0.05,-0.05)" id="bulletGrad">
            <stop offset="0%" stop-color="lightBlue"/>
            <stop offset="80%" stop-color="navy"/>
            <stop offset="100%" stop-color="blue"/>
        </radialGradient>
        
        <!-- Text declarations -->
        <text id="title" class="title" x="0" y="0">Using Embedded Properties</text>
        <text id="spoofText" class="item">
            <tspan x="0" y="0">The &lt;embed&gt; tag does not (normally) pass</tspan>
            <tspan x="0" y="40">parameters to a referenced object, but you can</tspan>
            <tspan x="0" y="80">spoof it with JavaScript.</tspan>
        </text>
        <text id="bodyText" class="item">
            <tspan x="0" y="0">In the &lt;body&gt; element, set the following:</tspan>
            <tspan x="50" y="40" font-family="Courier" font-size="18">&lt;body  onload="passBackSVG()" ...&gt;</tspan>
        </text>
        <text id="passbackText" class="item">
            <tspan x="0" y="0">Put the passBackSVG() script in the HTML file:</tspan>
            <tspan x="50" y="40" font-family="Courier" font-size="18">
                <tspan x="0" y="0">function passBackSVG(){</tspan>
                <tspan x="20" y="20">var embedNodes=document.embeds;</tspan>
                <tspan x="20" y="40">for (var i=0;i&lt;embedNodes.length;i++){</tspan>
                <tspan x="20" y="60">embedNode=embedNodes[i];</tspan>
                <tspan x="20" y="80">if(embedNode.window.passState){</tspan>
                <tspan x="40" y="100">embedNode.window.passState(embedNode);</tspan>
                <tspan x="40" y="120">}}}</tspan>
            </tspan>
        </text>
        <text id="styleText" class="item">
            <tspan x="0" y="0">Use <tspan font-style="italic">position:absolute;</tspan> and  the <tspan font-style="italic">zindex</tspan></tspan>
            <tspan x="0" y="40">style properties to place the SVG in 2.5D space.</tspan>
        </text>

        <!-- Object Primitive Declarations -->
        <rect id="background" class="background" x="0" y="0" width="1000" height="750"/>
        <circle id="bullet" cx="0" cy="0" r="20" fill="url(#bulletGrad)"/>
        <marker id="Triangle"
          viewBox="0 0 10 10" refX="0" refY="5" 
          markerUnits="strokeWidth"
          markerWidth="4" markerHeight="3"
          fill="red"
          orient="auto">
          <path d="M 0 0 L 10 5 L 0 10 z" />          
        </marker>
        <line x1="0" y1="0" x2="100" y2="0" stroke="red" stroke-width="20" marker-end="url(#Triangle)" id="arrow"/>

        <!-- Composite Object declarations -->
        <g id="spoof">
            <use xlink:href="#bullet" x="-30" y="-10"/>
            <use xlink:href="#spoofText" x="0" y="0"/>
        </g>
        <g id="body">
            <use xlink:href="#bullet" x="-30" y="-10"/>
            <use xlink:href="#bodyText" x="0" y="0"/>
        </g>
        <g id="passback">
            <use xlink:href="#bullet" x="-30" y="-10"/>
            <use xlink:href="#passbackText" x="0" y="0"/>
        </g>
        <g id="style">
            <use xlink:href="#bullet" x="-30" y="-10"/>
            <use xlink:href="#styleText" x="0" y="0"/>
        </g>
    </defs>
    
    <!-- Active Graphics Context -->
    <g>
       <use xlink:href="#background"/>
       <a>
       <use xlink:href="#title" x="50" y="80" class="title" id="Title">
       </use>
       </a>
       <g onmouseover="setClass(evt,'itemHigh')" onmouseout="setClass(evt,'item')" onmousedown="setClass(evt,'itemDown')" onmouseup="setClass(evt,'itemHigh')">
       <a>
       <use xlink:href="#spoof" x="100" y="150" class="item" id="Spoof">
       </use>
       </a>
       <a>
       <use xlink:href="#body" x="100" y="300" class="item" id="Body">
       </use>
       </a>
       <a>
       <use xlink:href="#passback" x="100" y="300" class="item" id="Body">
       </use>
       </a>
        <a xlink:href="SVGEmbeddedProperties.svg">
        <use xlink:href="#arrow" x="-200" y="700">
            <animate attributeName="x" from="0" to="800" dur="1s" fill="freeze" begin="Wmode.click+4s"/>
        </use>  
        </a>
    </g>
    </g>
</svg>