<?xml-stylesheet type="text/xsl" href="docBookView.xsl"?>
<book>
    <bookinfo>
        <title>Programming SVG</title>
        <author>
            <firstname>Kurt</firstname>
            <givenname>Cagle</givenname>
         </author>
         <abstract>
            <title>Why This Book?</title>
            <para>The Scalable Vector Graphics language may seem an odd choice for an important web technology (or a book, for that matter). After all, graphics formats have been a critical part of the web since the early 1990s, and there are any number of both vector and raster graphics formats in use, many non-proprietary that have built up the fabric of the wave. However, SVG may be poised to position itself as one of the most important additions to the web since its inception.</para>
            <para>The reason for this, beyond its utility as a vector format, is that SVG is XML. It can be incorporated into XHTML or other XML formats, it can contain important semantic information about the images that it describes, it can be generated directly from XML data sources through XSLT, it can be scripted to be extremely interactive. An incredible amount of graphical information on the web is informational in nature: charts, maps, diagrams, and in many cases these are of more significance when annotated either with animations or interactivity. Similarly, a significant amount of the interfaces currently designed use a complex mixture of specialized CSS and extensive bitmap graphics, making for high bandwidth applications that are frequently incompatible with the relatively narrow pipes that still exist for most users. Finally, because SVG is an XML standard, it can incorporate external resources, either directly within SVG or through some other mechanism such as XSLT. This makes it easy to create and utilize libraries of previously defined shapes, patters, and special effects located anywhere on the Internet.</para>
               <para>The purpose of the book is then two-fold. It is intended as a resource for the graphic artist or web designer who wishes to use SVG in their web production. It is, however, also geared toward the programmer who wishes to utilize SVG as part of a complete web solution.  As such, in most chapters, there will be specific examples of both DOM (using JavaScript) and XSLT solutions for working with SVG in real world applications. This in turn explains why the DOM Programming section is fairly early in the book -- I'm hoping to lay the foundations for writing SVG code in this chapter, then use this knowledge in subsequent chapters.</para>
                <para>The last three chapters look at real world scenarios for using SVG, and shows how SVG relates to the other XML technologies. I'm hoping with this to show how SVG can be seen as a crucial building block in areas from web design to resource management to the unfolding of the Semantic Web.</para>
                <para>While the book is intended to be useful for general SVG use, for the purpose of coding examples I'm going to be using the Adobe SVG component, along with some glue code written by Chris Bayes to make SVG work inline with Microsoft's Internet Explorer 5.5 and above. I will also be covering various initiatives that are using SVG (such as Batik that's being produced in conjunction with Apache). </para>
         </abstract>
    </bookinfo>
    <chapter xlink:href="GraphicsForTheWeb.xml">
        <title>Graphics for the Web: The Reasons for SVG</title>
        <abstract>In which the author explains why you want to become more familiar with SVG, not to mention shell out good money for this book. Hint: You will probably find very few other places where the discussion of intriguing graphics programming languages intersects with essays about the nature of reality, complexity theory, and the anatomy of mermaids. Okay, maybe not the last one.</abstract>
        <section>
            <title>Why Should You Care About Yet Another Graphics Web Format, and Why the @#*(! Did I Devote an Entire Book To It?</title>
            <abstract>In which the reader finds herself looking for answers about the meaning of life, the absurdities of post-modernist literature and the advantages of scalable vector graphics. With luck, at least the last question will be answered, though I may also be able to at least poke holes in the expression "Post-Modernist"; doesn't the term imply that it will never happen?</abstract>
        </section>
        <section>
            <title>Bitmaps and Vectors: A Quick Tutorial</title>
            <abstract>The distinction between bitmap and vector graphics is easily grasped, but sometimes the  most obvious aspects of a thing are not necessarily its most important. Herein I look at what exactly both and bitmap and a vector graphic is, and show that in the SVG world the distinctions are not in fact as clear cut as you might think.</abstract>
        </section>
        <section>
            <title>The Mantra of Scalability</title>
            <abstract>Scalability is one of those terms that is passed around a lot in marketing circles. Ironically, with respect to SVG, it is something of a pun (well, if you like your puns VERY dry, at any rate). Graphics that are scalable can change dimensions without losing resolution. However, SVG is also about the ability to create tight code that can incorporate multiple levels of resolution using pieces from multiple sources simultaneously. SVG is potentially a community solution, and may give an opportunity to build graphics that are constantly changing.</abstract>
        </section>
        <section>
            <title>Programming With Pictures</title>
            <abstract>What do you call an application that can incorporate sound and video, can handle mouse and keyboard events, can present sophisticated animation, maintain its own data store, be used to write games, interactive training and entertainment? Why SVG, of course. </abstract>
        </section>                
        <section>
            <title>SVG: Graphics in the World of XML</title>
            <abstract>SVG doesn't really exist by its lonesome. While it is certainly possible to have SVG documents that can be viewed directly, in all likelihood SVG is more likely to be found as part of some other XML structure -- XHTML, WML, passed via SOAP, accessible as a reference in a semantic library. Within this section, I want to review how SVG relates to everything else in the XML universe, and why being XML is SO important to its evolution.</abstract>
        </section>
        <section>
            <title>Getting the Most From This Book</title>
            <abstract>This is the obligatory "How do I use this stuff" section. It explains my rather idiosyncratic way of writing, gives you a few tips on how to become more proficient with SVG, and may even be useful in explaining what can be done with this book after it's gone into the remainder bin at B&amp;N. I sure would like to know how to make the book useful at that point, at any rate.</abstract>
        </section>                
    </chapter>
    <chapter>
        <title>Getting Started: Creating Simple SVG Graphics</title>
        <abstract>You cannot learn to walk before learning to run. If you don't believe me, watch any toddler. This chapter is a tutorial, showing how to create a simple navigation bar using SVG, and demonstrates in a few easy (and a couple not so easy lessons) how to become an SVG pro. Or at least a very talented amateur.</abstract>
        <section>
            <title>Setting Up SVG On Your System</title>
            <abstract>There are several different SVG implementations currently available. This section briefly describes the most promising, then shows how to install the Adobe SVG 2.0 plugin. </abstract>
        </section>
        <section>
            <title>Creating a Rounded Rectangle Button</title>
            <abstract>This illustrates how a simple standard shape can be built, assigned a fill and stroke, and add text.</abstract>
        </section>
        <section>
            <title>Defining Templates</title>
            <abstract>The core structure of the button is recreated as a Defined object, adding two drop shadow filters (for up and down states) and gradient fills, so that multiple buttons can use the same templates.</abstract>
        </section>
        <section>
            <title>Defining a Button Bar with XSLT</title>
            <abstract>Here, an XSLT script is used to generate buttons and position them accordingly. </abstract>
        </section>
        <section>
            <title>Adding Scripting</title>
            <abstract>Finally, the button bar is integrated into an application using the SVG DOM and Javascript.</abstract>
        </section>
        <section>
            <title>Working with DOM2DOM</title>
            <abstract>The Dom2Dom routines illustrate a way to (at least partially) make SVG run inline in XHTML. In this section, I cover how to get the code installed and working in a web page, and illustrate how the button bar could be written inline to simplify development.</abstract>
        </section>        
    </chapter>
    <chapter>
        <title>You Are Here: Coordinate Systems and Transformations</title>
        <abstract>This chapter looks at the basics of how to use coordinate systems and transformations in SVG, and illustrates how coordinate systems can be defined to simplify complex operations.</abstract> 
        <section>
            <title>Defining Coordinate Systems</title>
            <abstract>This section looks at how coordinate systems are established both in standard units and user units, and also looks at the viewbox attribute.</abstract>
        </section>
        <section>
            <title>The &lt;g&gt; Element and Simple Translations</title>
            <abstract>This section introduces the use of the graphics &lt;g&gt; object as a way of defining a local translation.</abstract>
        </section>
        <section>
            <title>Scaling, Flipping and Rotating</title>
            <abstract>This section demonstrates how to resize, flip the axis of, and rotate a graphics object.</abstract>
        </section>
        <section>
            <title>Simple Bar Charts</title>
            <abstract>Bar charts represent a good first instance to play with coordinate systems.  This section explores how a bar chart could be constructed within a given user-defined coordinate system, and builds an XSLT script that could convert a table of data into such a graph. </abstract>
        </section>
        <section>
            <title>Creating an Array, Circle and Spiral of Items</title>
            <abstract>Using XSLT, you can build patterns of multiple items using coordinate transformations, either as simple arrays, as items arranged in a circle, or along a spiral, as shown here.</abstract>
        </section>
        <section>
            <title>Animating Coordinates</title>
            <abstract>This section looks at how coordinate systems and transformations can be animated using the &lt;animate&gt; and &lt;animateTransform&gt; elements. The example here will build on the spiral of items to create a quick and dirty clock.</abstract>
        </section>
    </chapter>
    <chapter>
        <title>Shaping The Spiral Path: Shapes and Paths </title>
        <abstract>SVG includes a few basic primitive shapes, but it is also designed to create much larger and more sophisticated shapes. This chapter looks at the core set of shapes, how paths are drawn, and how DEFS and USE elements can make it possible to create libraries of customized shapes.</abstract>
        <section>
            <title>Shape Primitives</title>
            <abstract>This looks at the predefined shapes that SVG offers, including rectangle, ellipse, circle and line. </abstract>
        </section>
        <section>
            <title>Creating Linear Paths</title>
            <abstract>This section looks at the use of the Path element to create linear paths.</abstract>
        </section>
        <section>
            <title>Of Splines and Curves</title>
            <abstract>Building on the previous section, this section looks at the use of quadratic and cubic splines to create curved paths.</abstract>
        </section>
        <section>
            <title>Building Shape Libraries</title>
            <abstract>Using the &lt;defs&gt; and &lt;use&gt; elements, designers can create standardized shapes and reference them. This shows not only how to use such elements, but also demonstrates an XSLT script that would make it possible to load in such shape definitions from external libraries.</abstract>
        </section>
        <section>
            <title>Generating Complex Shapes with XSLT</title>
            <abstract>While it is possible to create complex semi-regular shapes by hand, you can utilize XSLT to radically simplify the process.  This section looks at a number of XSLT scripts, including one that generates a star and one that creates a fractal (Koch's snowflake).</abstract>
        </section>
        <section>
            <title>Charts and Graphs</title>
            <abstract>The combination of XSLT, coordinate transformations and shapes make it possible to create a number of different kinds of information graphics, including a pie chart, a line graph and a pictographic bar chart.</abstract>
        </section>
        <section>
            <title>Animating Shapes</title>
            <abstract>Here's where things begin to get cool. Animating shapes makes it possible to create morphing entities, rotating objects, responsive graphs and related pieces. This section explores some possibilities.</abstract>
        </section>
    </chapter>
    <chapter>
        <title>Painting Principles: Color, Fills, Strokes, Gradients, and Patterns</title>
        <section>
            <title>Color in SVG</title>
            <abstract>This section looks at the SVG color model, and explores how to assign colors, default color names, the rgb() function, and limitations of the model.</abstract>
        </section>
        <section>
            <title>Filling in Fills and Strokes</title>
            <abstract>This section covers how fills work, including winding models, as well as looking at how strokes are built, how to get dashed strokes, and how to control mitring on lines.</abstract>
        </section>
        <section>
            <title>Grading on a Curve: Gradients</title>
            <abstract>This section shows how to build both linear and radial gradients, how to control color distribution, and how to store and retrieve library gradients.</abstract>
        </section>
        <section>
            <title>Patterns</title>
            <abstract>It is possible to create patterns in SVG using SVG. This section looks at how patterns can be defined and used for special effects.</abstract>
        </section>
        <section>
            <title>Images in SVG</title>
            <abstract>The use of bitmaps in SVG are not always completely straightforward. This section looks at how graphics can be integrated into SVG, as well as some of the advantages and disadvantages of working with photographic images rather than vector graphics in SVG.</abstract>
        </section>    
        <section>
            <title>Animating Color</title>
            <abstract>Animating color is both a very simple and surprisingly effective means for creating dynamic presentations. This section explores declarative techniques for animating color within objects.</abstract>
      </section>
      <section>
            <title>Building Buttons</title>
            <abstract>The &lt;use&gt; element and scripting makes it possible to create rollovers, pressed buttons, inactive states, and more with very little work. This section looks at how to create such buttons.</abstract>
        </section>
    </chapter>
    <chapter>
        <title>Telling Words: Text as Graphics</title>
        <abstract>A picture may be worth a thousand words, but when you have a thousand and ten words, you still need to have some way to display the remainder. This chapter explores the use of text in SVG documents and how you can create specialized text effects.</abstract>
        <section>
            <title>Creating Text Blocks</title>
            <abstract>SVG supports a few different types of text elements. This section explores how they vary, and how to make use of each most effectively.</abstract>
        </section>
        <section>
            <title>Controlling Font Characteristics</title>
            <abstract>The CSS support within XSLT lets you control various aspects of text output. This section focuses on the various text related CSS characteristics. This section also looks at how you can embed fonts directly within SVG.</abstract>
        </section>
        <section>
            <title>Text on a Path</title>
            <abstract>It is possible to make text flow along a path. This section illustrates how to do it, as well as illustrates how to animate such text.</abstract>
        </section>
        <section>
            <title>Creating Blocks of Text with XSLT</title>
            <abstract>SVG does not have an intrinsic notion of text wrap, so in order to do such you need to explicitly break the lines apart. This section includes an XSLT routine to both segment a paragraph of text and output multiple blocks of text in SVG.</abstract>
        </section>
        <section>
            <title>Creating Dynamic Text</title>
            <abstract>Using the data property, you can change text dynamically within a web page. This section shows what you'd need to do.</abstract>
        </section>
    </chapter>
    <chapter>
        <title>Compositing: Clipping Regions, Masks and Opacity</title>
        <abstract>Clipping and masking essentially serve as ways of shaping non-rectangular viewports, and goes on a great deal in the background. This chapter looks at how to create both masks and clipping regions and how to build very dynamic effects with these.</abstract>
            <section>
                <title>Understanding Masks</title>
                <abstract>To appreciate what masks can do, its useful to understand what they are, and how they fit into the rest of the SVG model. This section looks at the distinction between masks, clip-paths, and opacity.</abstract>
            </section>
            <section>
                <title>Creating Inline and Referenced Clip-Paths</title>
                <abstract>This shows how to turn text and graphics into a clip-path for patterns or images.</abstract>
            </section>
            <section>
                <title>Clipping the Outer Path</title>
                <abstract>By clipping the outer path, you can make irregularly shaped controls. This section explores how.</abstract>
            </section>            
            <section>
                <title>Dynamic Clip-paths</title>
                <abstract>Since clip-paths are SVG elements, you can use animated transformations to modify them dynamically. </abstract>
            </section>            
    </chapter>
    <chapter>
        <title>Special Effects: Filters</title>
        <abstract>Filters provide a surprisingly rich mechanism for creating special effects within SVG graphics. Everything from drop shadows and lighting effects to multiple compositing layers, clipping, and more. This chapter looks at the filter effects mechanism and shows how to build a number of different filters.</abstract>
        <section>
            <title>How Filters Work</title>
            <abstract>This section introduces filters, illustrates a little of the theory behind them, and shows how to invoke them.</abstract>
        </section>
        <section>
            <title>Controlling Color</title>
            <abstract>A number of SVG filters can be used to modify the colors of an image or graphic. This section looks at the &lt;feColorMatrix&gt; command and shows how it can desaturate, or colorize an image.</abstract>
        </section>
        <section>
            <title>A Need for Glasses: Gaussian Blurs and Convolving Matrices</title>
            <abstract>One of the more useful general filters is the feConvolveMatrix function, which lets you use the values of adjacent pixels in an image to change the characteristics of a given pixel. This makes blurs, sharpens, embossures and other specialty filters possible. The Gaussian Blur, on the other hand, perhaps a specialized convolution that makes targeted blurs possible.</abstract>
        </section>
        <section>
            <title>Compositing, Blends and Chaining Filters</title>
            <abstract>Compositing is the process of adding multiple filters into a stack, in essence creating a potentially complex filter. Composites are examples of chained filters in which the results of one filter (or perhaps some external resource) is used as input to another filter.</abstract>
        </section>
        <section>
            <title>Lighting</title>
            <abstract>The feDiffuseLighting and feSpecularLighting elements make it possible to create specialty lighting behavior to illuminate a graphic. Especially in conjunction with animation, this can make for some interesting special effects, as is illustrated</abstract>
        </section>
        <section>
            <title>Scripting and Animating Filters</title>
            <abstract>Filters can be animated and scripted, making it possible to create specialized effects in response to user events such as mouse clicks or key presses. This section looks at how best to do this.</abstract>
        </section>
    </chapter>
    <chapter>
        <title>The SVG DOM</title>
            <abstract>Chris Bayes' DOM2DOM Javascript routines make it possible to write SVG inline in Internet Explorer within HTML or XHTML documents. This chapter explores some of the ramifications and capabilities that this opens up. </abstract>
        <section>
            <title>Building SVG In DOM</title>
            <abstract>This illustrates how SVG elements can be added or removed dynamically using DOM calls.</abstract>
        </section>
        <section>
            <title>XSLT and Inline SVG</title>
            <abstract>If your application is server based, you can start building components based upon SVG that are autogenerated through XSLT scripts. This section looks at some techniques for building a live navigation bar using both client and server code.</abstract>
        </section>
        <section>
            <title>Handling Events</title>
            <abstract>The SVG DOM can be used to process key and mouse events, among others, and this section looks at how the eventing model works and how it can be integrated with both Java and JavaScript.</abstract>
        </section>
        <section>
            <title>Pop-ups and Menus</title>
            <abstract>You can use background transparency to create SVG that overlays XHTML code, making it a useful choice for irregular menus, palettes and pop-ups.</abstract>
        </section>
        <section>
            <title>Building Dynamic Maps</title>
            <abstract>SVG works remarkably well for creating sophisticated maps that are also interface elements.  This section displays a US map showing the up-to-date views of who has won which state, along with the ability to click on a state to drill down to more information.</abstract>
        </section>
        <section>
            <title>Building Dynamic Maps</title>
            <abstract>SVG works remarkably well for creating sophisticated maps that are also interface elements.  This section displays a US map showing the up-to-date views of who has won which state, along with the ability to click on a state to drill down to more information.</abstract>
        </section>
        <section>
            <title>Creating SVG Component Interfaces</title>
            <abstract>SVG can create visual interfaces, but in order to work with such it is sometimes better to create a class interface around the SVG. This section illustrates some techniques for doing this.</abstract>
        </section>
    </chapter>
    <chapter>
        <title>Distributed Graphics: SVG and XML Technologies</title>
        <abstract>This final chapter explores SVG from a more generalized viewpoint, showing how it fits into the larger XML Technologies picture.</abstract>
        <section>
            <title>Distributed SVG</title>
            <abstract> Because SVG is XML, it is possible using XSLT or SOAP to create multiple levels of resolution, graphics that have the potential to be extremely deep through the concept of Level of Detail. This section looks at a virtual map application that grows as the number of users grow.</abstract>
        </section>
        <section>
            <title>SVG for Print</title>
            <abstract>SVG may actually begin to emerge as a viable format for the interchange of vector-formatted graphics for print production, especially since such documents can do dual service as web objects. This section looks at the applicability of SVG in the print space.</abstract>
        </section>
        <section>
            <title>SVG and Meta-Information</title>
            <abstract>A picture IS worth a thousand words, yet SVG provides a number of mechanisms for incorporating words that help describe the images in a retrievable fashion. This section looks at meta-information and SVG.</abstract>
        </section>
        <section>
            <title>SVG and Devices</title>
            <abstract>An SVG file can be transformed with an XSLT document to convert a high resolution animated file into a low resolution output file for use by hand-helds and mobile phones. This section explores some transformations that do that.</abstract>
        </section>
        <section>
            <title>Server Side SVG</title>
            <abstract>SVG is only marginally supported at the moment, and there will be any number of browers that cannot understand SVG yet. This section looks at ways that SVG can be generated on the server and converted into conventional graphics formats (JPEG, PNG, GIF) on the fly.</abstract>
        </section>
        <section>
            <title>SVG and the Web</title>
            <abstract>Here goes, last section - within I tie together the notion that SVG makes graphics distributable, easily integrable in an XML environment, portable, generatable, and highly interactive. It is in fact a technology well positioned to blur the distinction between graphics and graphical interfaces.</abstract>
        </section>
    </chapter>
    <chapter>
        <title>Appendices</title>
        <section>
        <title>Appendix: The SVG Reference</title>
        <abstract>This appendix lists each command in the SVG schema, with attributes, child nodes, SVG DOM calls and constraints.</abstract>
        </section>
        <section>
        <title>Appendix: The SVG DOM</title>
        <abstract>This appendix provides a summary of the SVG DOM, and looks at both JavaScript, COM Java bindings.</abstract>
        </section>
        <section>
        <title>Appendix: Shape Library</title>
        <abstract>This section collects the various shapes covered in this book (and a few extras) for use by the reader -- Customized arrows, stars, word balloons, flowchart shapes, gradients, and so forth.</abstract>
        </section>
        <section>
        <title>Appendix: Filter Library</title>
        <abstract>Filters are useful for creating all sorts of specialized effects, especially when combined. This library includes a few of the more helpful filters the author has found.</abstract>
        </section>
    </chapter>
</book>