<svg width="600" height="400">
	<!-- useful definitions -->
	<defs>
    <filter id="DropShadowFilter" filterUnits="objectBoundingBox" x="-10%" y="-10%" width="130%" height="130%">
      <feGaussianBlur in="SourceAlpha" stdDeviation="2" result="BlurAlpha"/>
      <feOffset in="BlurAlpha" dx="4" dy="4" result="OffsetBlurAlpha"/>
      <feMerge>
        <feMergeNode in="OffsetBlurAlpha"/>
        <feMergeNode in="SourceGraphic"/>
      </feMerge>
    </filter>
    <text id="mermaids">Mermaids</text>
    <text id="sirens">Sirens</text>
    </defs>
    <g transform="translate(100,100)">
		<text font-size="50" filter="url(#DropShadowFilter)">
			<animateMotion path="m0,0 l100,100 l100,-100 l-200,0" dur="10s" repeatCount="indefinite"/>
			<tref xml:href="#mermaids">
<!--				<set attributeName="xml:href" attributeType="CSS" to="#sirens" begin="5s" dur="5s" fill="restore"/> -->
			</tref>
		</text>
    </g>
</svg>    
