<bar id="bar1" width="180" height="240" title="Understanding XSLT">
	<button id="aboutCourse" title="About This Seminar">
        <page>
			<title></title>
			<img src="XSLTIntro.jpg"/>
        </page>
        <page>
            <title>About Your Speaker</title>
            <p>Kurt Cagle is a writer and consultant on XML, XSLT and web technologies, and is the author of ten books and more than 100 articles on XML, web programming, multimedia, and related works. He is available for consulting, training and software development.</p>
            <h3>Websites</h3>
            <li style="font-size:14pt;"><a href="http://www.kurtcagle.net" target="new">KurtCagle.net</a></li>
            <li style="font-size:14pt"><a href="http://www.vbxml.com/cagle" target="new">VBXML Website</a></li>
            <h3>E-mail</h3>
             <li style="font-size:14pt"><a href="mailto://kurt@kurtcagle.net" target="new">kurt@kurtcagle.net</a></li>
        </page>
        <page>
            <title>About This Course</title>
            <p>This course, <b>Understanding XSLT</b>, is designed to teach you how to use the power of XSLT to transform XML into XHTML or other XML formats, as well as design principles that can be used to significantly enhance your XML design principles.</p>
            <p>The course material (this document) is available from the VBXML website (<a href="http://www.vbxml.com/cagle" target="new">http://www.vbxml.com/cagle</a>) and from Kurt Cagle's website at <a href="http:www.kurtcagle.net" target="new">http://www.kurtcagle.net</a>. It requires the use of the Adobe SVG plugin available from the <a href="http://www.adobe.com/svg" target="new">Adobe SVG page</a>, and should be view with Internet Explorer 5.0 or above.</p>
        </page>
	</button>
	<button id="XSLTUsage" title="'Understanding XSLT'">
        <page>
			<title>The XSLT Language</title>
			<point><ph>Stylesheet Language.</ph><pd>"Styles" the presentation of XML or XHTML.</pd></point>
			<point><ph>XML Based Language.</ph><pd> XSLT is written in XML, which means you can use XSLT to generate XSLT.</pd></point>
			<point><ph>Transformative Language.</ph><pd> Converts an XML file into a different (probably XML based) format.</pd></point>
			<point><ph>Integrative Language.</ph><pd> XSLT can pull together multiple XML sources into a single document.</pd></point>
			<point><ph>Extensible Language.</ph><pd> XSLT can be extended by JavaScript, Java, ActiveX Components or other languages to hook into the OS.</pd></point>
			<point><ph>Business Logic Language.</ph><pd> XSLT can be used to encode business rules in the same way that languages like VB and Java can.</pd></point>
			<point><ph>Routing Language.</ph><pd> XSLT can act as a software router, and lays at the core of such technology as BizTalk.</pd></point>
        </page>
		<page>
			<title>XSLT Is A Functional Language</title>
			<para>XSLT can be considered a black box language -- in essence, an XSLT Transformation script (also known as a <def alt="A stylesheet applies a media view on a structured document.">stylesheet</def>) can be thought of as a single <b> Black Box</b> that takes data in the form of XML in and generates XML (usually) on the way out.</para>
		</page>
        <page>
			<title display="no">Simple XSLT Transformations</title>
			<embed src="SimpleXSLTTransform.svg" width="800" height="600" 
      type="image/svg-xml"/> 
        </page>
		<page>
			<title>XSLT Is Also a Parametric Language</title>
			<para>In addition to the primary XML source, it is possible to pass <def alt="Parameters pass customizing information into the transformation">parameters</def>. These parameters make a number of things possible that couldn't happen with non-parameterized code:</para>
			<point><ph>Customizing Output to Browser.</ph><pd>For instance you can pass the whether the information is destined for a web browser (XHTML), a wireless device (WML), or a web service (SOAP).</pd></point>
			<point><ph>Customizing User Access.</ph><pd>By passing access levels, a stylesheet can control what a person sees. An administrator may get sent more information than a casual user.</pd></point>
			<point><ph>Resource Access.</ph><pd>Parameters can determine where additional information is retrieved from or sent to.</pd></point>
			<point><ph>Form Content.</ph><pd>You can pass form information into an XSLT transformation to display the contents, as well as conceivably save the resources elsewhere (covered later).</pd></point>
			<point><ph>Routing.</ph><pd>Parameters make it possible to include multiple transformations in a single document and have the XSLT determine which transformation to call.</pd></point>
		</page>
        <page>
			<title display="no">Transformations with Parameters</title>
			<embed src="SimpleXSLTTransform2.svg" width="800" height="600" 
      type="image/svg-xml"/> 
        </page>
        <page>
			<title>Multiple Input Sources</title>
			<para>XSLT includes a <def alt="document() is an XSLT function for retrieving external XML.">document()</def> function for retrieving XML sources from external resources. This makes it possible to use one XML document to construct other XML documents, makes it possible to receive XML "templates", and makes a request base peer-to-peer system possible (especially useful for <def alt="Web Services are functional calls that can make requests and responses via an XML interface.">Web Services</def>).</para>
		</page>
        <page>
			<title display="no">Transformations with document() Input</title>
			<embed src="SimpleXSLTTransform3.svg" width="800" height="600" 
      type="image/svg-xml"/> 
        </page>
        <page>
			<title>Multiple Output Sources</title>
			<para>Extensions to the XSLT specification (and recommendations for XSLT 2.0) include a mechanism for sending ancillary XML created within the XSLT document to other URLs (either locally or remotely). The use of the &lt;xsl:document&gt; command or similar commands in different implementations means that a single XSLT document can act as a nexus for computation, retrieving information from multiple sources, integrating it, transforming it, then sending multiple output streams to their respective locations. This version of XSLT is extraordinarily powerful, as it makes an XML/XSLT based peer-to-peer network largely possible.</para>
		</page>
        <page>
			<title display="no">Transformations with &lt;xsl:document&gt;</title>
			<embed src="SimpleXSLTTransform4.svg" width="800" height="600" 
      type="image/svg-xml"/> 
        </page>
	</button>
	<button id="xpath" title="XPath">
		<page>
			<title>The Purpose of XPath</title>
			<para>XSLT can appear very difficult to understand at first, especially if you are coming to it from a background working with most of the standard development programs in use today -- C++, Java, Visual Basic, and so forth. However, much of the complexity can be reduced by understanding that, unlike these aforementioned languages,XPath makes sense if the following considerations are applied:</para>
			<point><ph>Works on Sets, Not Scalars.</ph><pd>XPath is a language for retrieving from an XML structure zero or more nodes (elements, attributes, text fields, and so forth) that satisfy a given condition.</pd></point>
			<point><ph>(Mostly) Typeless.</ph><pd>XPath supports on five basic types - node-set, XML fragment, string, number, and document.</pd></point>
			<point><ph>Location Oriented.</ph><pd>XPath describes the location to a given point in an XML tree by providing a directory-like structure.</pd></point>
			<point><ph>Similar In Purpose to SQL.</ph><pd>XPath and SQL both work by retrieving a collection of objects (nodes or records accordingly) and manipulating them as a group.</pd></point>
	  	</page>
		<page>
			<title display="no">Working with XPath</title>			
	  <select value="xpath0" name="resources" id="resources" onchange="window.setPath(resources.value)">
	  	<option value="xpath0" selected="selected">/</option>
	  	<option value="xpath1">/A</option>
	  	<option value="xpath2">/A/B</option>
		<option value="xpath3">/A/*</option>
		<option value="xpath4">/A/*[@b]</option>
		<option value="xpath5">/A/*/D</option>
		<option value="xpath6">/A/*/D[.='bar']</option>
		<option value="xpath7">/A/*/@a</option>
		<option value="xpath8">//*</option>
		<option value="xpath9">/A/B/D/ancestor::A</option>
		<option value="xpath10">/A/B/D/ancestor::*</option>
		<option value="xpath11">/A/descendent::*</option>
		<option value="xpath12">/A/descendent::D</option>
		<option value="xpath13">/A/descendent-or-self::D</option>
		<option value="xpath14">//H/preceding-siblings::*</option>
		<option value="xpath15">//H/preceding-siblings::*[1]</option>
		<option value="xpath16">//D/following-siblings::*</option>
		<option value="xpath17">//D/following-siblings::*[1]</option>
		<option value="xpath18">//D[position()=last()]/following-siblings::*[1]</option>
		<option value="xpath19">//*[@*[number(.)&gt; 6]]</option>
		<option value="xpath20">//*[starts-with(.,'x')]</option>
	  </select>
	  <br/>
	  <embed src="nodeTree1.svg" width="550" height="450"/>
	  	</page>
    </button>
</bar>