<presentation>
	<section>
		<title>Principia Res:Schema and the Nature of Things</title>
		<slide>
			<title>Ontology</title>
			<body>
				<para></para>				
			</body>
		</slide>
	</section>
	<section>
		<title>Web Services Marketing</title>
		<slide>
			<title>The Promise of Permeable Pervasive Programming</title>
			<body>
				<para>There's a little bit of hype about there on Web Services. Okay, maybe more than a little. In point of fact, if the marketing coming out of various software vendors is any indication, web services will end up changing everything about the way that we use computers.</para>
				<para>The claims are rather wild. According to the great marketing machines, you'll be able to:</para>
				<point>buy stock anywhere, even standing in line at the bank!</point>
				<point>conduct your banking anywhere, even waiting in line to buy stock!</point>
				<point>schedule your dental appointments for the kids while taking them to school!</point>
				<point>have your scheduler remind you about the dental appointments for the kids while taking them to soccer practice!</point>
				<point>have the dentist bill you without ever having to writing a check!</point>
				<point>buy that cool car that you just saw passing by!</point>
				<point>tell your house to heat up on the way home!</point>
				<point>let the refrigerator decide when to buy a new gallon of milk!</point>
			</body>
		</slide>
		<slide>
			<title>Yes, but ...</title>
			<body>
				<majorpoint>... would you want to?</majorpoint>
			</body>
		</slide>
		<slide>
			<title>What Are Web Services?</title>
			<body>
				<para>The core idea of a web service is simple:</para>
				<majorpoint>Using HTTP, a program can send a command to a distant machine and retrieve information back in usable form.</majorpoint>
				<para>Curiously enough, that describes every web transaction that's taken place since 1989. Indeed, the whole concept of the Common Gateway Interface (CGI) was originally intended as a vehicle to make remote procedure calls possible using HTTP. </para>
				<question>But What about SOAP and UDDI and WSDL and XML and all those other cool sounding acronyms -- aren't those Web Services?</question>
				<para>They are all involved in one implementation of web services, but it's important not to get wrapped around the axle on implementation. In point of fact, if you remember that web services are at their essence transactions across HTTP, both a lot of the marketing hype and the <em>obfuscating</em> terminology go away.</para>
			</body>
		</slide>
		<slide>
			<title>Remote Procedure Calls</title>
			<body>
				<para>Another way of thinking about web services, and the way they are typically sold, is as a mechanism to perform <em>Remote Procedure Calls</em> (or <em>RPCs</em>. The mechanism of RPCs has in fact spawned much of what we think of as contemporary computing:</para>
				<point><key>OLE/COM/ActiveX/COM+/DNA.</key><descr>This evolving Microsoft technology originated out of a need to "site" one document within another, and involved the creation of request brokers that marshalled parameter passing and object instantiation across component barriers.</descr></point>
				<point><key>CORBA.</key> <descr>Unlike COM, CORBA was designed from the start to handle machine to machine object communications (indeed, it's acronym includes "Remote Brokering". CORBA works by creating a marshalling structure similar to (but certainly not identical to) COM. CORBA is used by most of the rest of the world.</descr></point>
				<point><key>Java RPC ???.</key> <descr>Java takes advantage of the universality of the Java platform to create its own RPC standard, which however owes a lot to the CORBA format.</descr></point>
			</body>
		</slide>
		<slide>
			<title>The RPC Conundrum</title>
			<body>
				<para>Unfortunately, creating RPCs can prove problematic for a number of reasons:</para>
				<point><key>Broker Incompatibilities</key><descr>The various RPC formats that current exist have slightly different stacks which renders them incompatible. There are applications which can bridge between COM and CORBA, but only at considerable overhead.</descr></point>
				<point><key>Type Implementation Incompatibilities</key><descr>Primitive types differ in implementation from platform to platform. This means that something as simple as marshalling an integer can cause headaches.</descr></point>
				<point><key>Distribution Problems.</key> <descr>Brokered systems often require critical components that sit on both sides of the connection. Guaranteeing that everyone within a company has those components can be nightmarish; guaranteeing that everyone in the world has those components (or the right versions of them) is frankly impossible.</descr></point>
			</body>
		</slide>		
		<slide>
			<title>XML and RPCs</title>
			<body>
				<para>XML didn't start out as a mechanism for handling RPCs, but it actually works pretty well in this capacity, for several reasons:</para>
				<point><key>Format Portability.</key><descr>XML is text, and for the most part sending text consistently across a network is very much standardized, regardless of the platform.</descr></point>
				<point><key>Implementation Independent.</key><descr>Because XML has become so standard, every platform on every machine (pretty much) has an XML parser which can be used to manipulate XML. This means that the specific implementation of a given request is independent of the originating machine.</descr></point>
				<point><key>Type Independence.</key><descr>Similarly, type exists in semantic form: tagged elements with indicators of the type, rather than implemented type itself. This means that even if there are differences between implementations of integer on two different machines, this is immaterial to XML as a transport mechanism.</descr></point>
			</body>
		</slide>		
		<slide>
			<title>Where XML and RPCs Differ</title>
			<body>
				<para>However, XML also offers certain capabilities that have profound implications for its use as an RPC, but not in the COM/CORBA mold:</para>
				<point><key>Malleability.</key><descr>XML can be structurally modified easily, which isn't the case with most binary objects. This in turn makes XML far more responsive to local environmental changes. This is especially key in light of such technologies as XSLT.</descr></point>
				<point><key>Completeness.</key><descr>An object model typically encompasses many objects which in turn act as controllers for other objects. XML, on the other hand, could effectively describe the state of an entire system in a single document.</descr></point>
				<point><key>Relational Semantics.</key><descr>The semantics of an XML structure can be embodied by a relational description language called the Resource Description Framework, or RDF. RDF makes it possible to create associations between XML entities, which in turn could have a profound influence upon programming.</descr></point>
				<point><key>Multiple State Descriptions</key><descr>XML makes it possible to define declarative device languages that can be used to describe the change of state of a device over time (or in response to specific external conditions). The shift to declarative over procedural code will radically alter the requirements on any RPC language.</descr></point>
				<point><key>Linking</key><descr>Linking is an awkward concept in most procedural languages, but is very much consistent with XML. The ability to represent data as a web of distributed information changes the dynamics of XML architectures from strict client/server to more strongly peer-based transactions.</descr></point>
				<para>All of these are aspects that will long term have significant effects for any web-services architecture, and which point to a solution that may in fact be dramatically different from the client/server architectures found in such current offerings as .NET (though the JAXP architecture moves closer to this).</para>
			</body>
		</slide>
		<slide>
			<title>A Little SOAP Goes a Long Way</title>
			<para>The <em>Simple Object Access Protocol</em> or (<em>SOAP</em>) represents the current "favorite" in the development of web service architectures. SOAP has had a relatively short history.</para>
			<point><key>XML-RPC.</key> Dave Weiner of FrontierLand wrote a language called XML-RPC that he used to pass XML content to a server and back. (1999)</point>
			<point><key>SOAP 1.0.</key> Microsoft and Arbortext??? produced the first SOAP specification (2000).</point>
			<point><key>SOAP 1.1.</key> More experience with the use of the protocol prompted the development of a number of changes in the SOAP specification, making SOAP 1.1 the reference implementation that was submitted to the W3C. (2000)</point>
			<point><key>W3C XML Protocol WG Established.</key> The W3C creates a working group to build a framework supporting SOAP. (2001)</point>
			<point><key>XML Schema Standardized</key> The adoption by the W3C of the XML Schema necessitated some changes to the specification to make it compatible. (2001)</point>
			<point><key>SOAP 1.2 Proposed</key> The most current implementation of SOAP in development is SOAP 1.2, which is schema compatible and also rectifies a number of inconsistencies and incompatibilities between SOAP 1.1 and W3C standards.(2001)</point>
		</slide>
		<slide>
			<title>The Internet Is the Machine ... or Maybe Not</title>
			<body>
				<para></para>
			</body>
		</slide>
		<slide>
			<title>Why Are All Sample WS Apps Stock Market Tickers?</title>
			<body>
			
			</body>
		</slide>
		<slide>
			<title>Moving Beyond the Hype</title>
			<body>
			
			</body>
		</slide>
</section>
<section>
		<title>Division To Division: Organic Programming</title>
		<slide>
			<title>Centralized Intelligence, Distributed Servers</title>
			<body>
			
			</body>
		</slide>
		<slide>
			<title>Business (Fuzzy) Logic</title>
			<body>
			
			</body>
		</slide>
		<slide>
			<title>Versatile Versioning</title>
			<body>
			
			</body>
		</slide>
		<slide>
			<title>D2D2B2B&amp;R2D22</title>
			<body>
			
			</body>
		</slide>
	</section>
	<section>
		<title>Of Java, XML and Web Services</title>
		<slide>
			<title>The Importance of Being Declarative</title>
			<body>
			
			</body>
		</slide>
		<slide>
			<title>Pervasive Devices &amp; the Declarative Web</title>
			<body>
			
			</body>
		</slide>
		<slide>
			<title>Washing With SOAP</title>
			<body>
			
			</body>
		</slide>
		<slide>
			<title>The Browser Is More Than a Dumb Terminal</title>
			<body>
			
			</body>
		</slide>
		<slide>
			<title>Java: From Frameworks to Glue</title>
			<body>
			
			</body>
		</slide>
		<slide>
			<title>The People's Web</title>
			<body>
			
			</body>
		</slide>
	</section>
</presentation>
