<bar id="bar1" width="180" height="240" title="Understanding XSLT">
	<button id="aboutCourse" title="About This Seminar">
        <page>
			<title display="no">Loading</title>
			<img src="noemblogo65.gif" style="position:absolute;left:400;top:300;"/>
        </page>
        <page>
			<title display="no">Schemas, SOAP and Web Services</title>
			<embed src="Title.svg" width="800" height="600" 
      type="image/svg-xml" style="position:absolute;left:200;top:75;z-index:0" wmode="transparent"/> 
        </page>
        <page>
            <title display="no">About Your Speaker</title>
			<embed src="Speaker.svg" width="800" height="600" 
      type="image/svg-xml" style="position:absolute;left:200;top:75;z-index:0" wmode="transparent"/> 
        </page>
		<page>
			<title display="yes">Summary</title>
			<point><ph>A Big Picture View of Web Services</ph></point>
			<point><ph>Exploring What Web Services Are</ph></point>
			<point><ph>XML Protocol, SOAP and Schema</ph></point>
			<point><ph>WSDL, UDDI and the RPC Model Redux</ph></point>
			<point><ph>The Semantic and Future Web</ph></point>
		</page>
	</button>
	<button id="BigPicture" title="The Big Picture">
<page>
	<title>Web Services: The Big Picture</title>
	<embed src="bigpicture.svg" width="600" height="400" 
      type="image/svg-xml" style="position:absolute;left:200;top:75;z-index:0" wmode="transparent"/> 
</page>
<page>
	<title display="no">The Promise of Web Services</title>
	<embed src="webServicesWillChangeEverything.svg" width="800" height="600" 
      type="image/svg-xml" style="position:absolute;left:200;top:75;z-index:0" wmode="transparent"/> 
</page>
<page>
<title>Web Services Hype</title>
<para>The claims are rather wild. According to the great marketing machines, Web Services will let you:</para>
<div>
<img src="3991270.jpg" height="400" style="float:left"></img>
<point>buy stock anywhere, even standing in line at the bank!</point>
<point>conduct your banking anywhere, even waiting in line to buy stock!</point>
<point>schedule your dental appointments for the kids while taking them to school!</point>
<point>have your scheduler remind you about the dental appointments for the kids while taking them to soccer practice!</point>
<point>have the dentist bill you without ever having to write a check!</point>
<point>buy that cool car that you just saw passing by!</point>
<point>tell your house to heat up on the way home!</point>
<point>let the refrigerator decide when to buy a new gallon of milk!</point>
<point>and so forth, and so on, etc....</point>
</div>
</page>
<page>
<title>Web Services Reality</title>
<para>In point of fact, web services <b>are</b> powerful, and <b>will</b> change the world, but in a number of much more subtle ways.</para>
	<embed src="webServicesAreas.svg" width="640" height="480" 
      type="image/svg-xml" wmode="transparent" style="margin-top:-30"/> 
</page>
<page>
<title>Intra-Business APIs</title>
<!-- Enterprise Application Integration -->
<para>Business departments are in fact the most immediate consumers of web services, for a number of different reasons. </para>
	<point><ph>Abstracting Data Services.</ph><pd>By creating a consistent set of web service front-ends to corporate or governmental databases, differences in database implementations disappear.</pd></point>
	<point><ph>Directory Interfaces.</ph><pd>Within a business, directory look up services are important for everything from getting phone numbers and maps to finding resources. Web Services can abstract these.</pd></point>
	<point><ph>Versioning.</ph><pd>Web Services can be designed to incorporate version updating across a company with little administration support.</pd></point>
	<point><ph>Redundancy.</ph><pd>Web Services can be easily replicated across multiple points, making it possible to scale such services quickly.</pd></point>
	<point><ph>Platform Independence.</ph><pd>Web Services can be implemented on different operating systems in different ways, since they abstract the interface layer, making them ideal for mixed system shops.</pd></point>
	<point><ph>GUI Development.</ph><pd>Web Services can also include the development of web-based GUI systems using XHTML, WAP, SVG, XML Forms or other technologies.</pd></point>
	<point><ph>Evolutionary Development.</ph><pd>Business Need Evolve ... Web Services do too.</pd></point>
</page>
<page>
	<title>The Department-To-Department API</title>
	<embed src="BusinessAPIs.svg" width="640" height="480" 
      type="image/svg-xml" wmode="transparent" style="margin-top:-30"/> 
</page>
<page>
<title>Inter-Business Web Services</title>
<para>External Web Services will likely emerge organically, and as such may not necessarily be a cost generator:</para>
	<point><ph>Build-out of Internal APIs</ph><pd>External Web Service architectures should be grown on the base of internal apps, not attached as an awkward appendage.</pd></point>
	<point><ph>Filtering.</ph><pd>Much of the purpose of external Web Services will be to act as filters that throttle down content already available to the internal services web.</pd></point>
	<point><ph>Information.</ph><pd>The key characteristic of business web services in the short term will tend to be information requests, not formal monetary transactions.</pd></point>
	<point><ph>Knowledge Management.</ph><pd>Over time, B2B and D2D web services will orient around knowledge management ... remember that e-mail, mailing lists, discussion groups, etc. are the most potent applications in an information age.</pd></point>
</page>
<page>
	<title>The Business-To-Business API</title>
	<embed src="BusinessAPIs2.svg" width="640" height="480" 
      type="image/svg-xml" wmode="transparent" style="margin-top:-30"/> 
</page>
<page>
<title>Inter-Business API Problems</title>
<para>Most of the B2B development in the last several years were pushed in a top-down fashion. However, business to business development will never really take off except as an organic extension of intra-business APIs, for a number of reasons:</para>
	<point><ph>Existing Infrastructure.</ph><pd>Massive investment into e-business infrastructure and the existence of EDI networks will likely slow adoption of any web services system.</pd></point>
	<point><ph>Semantic Differences.</ph><pd>Web Services don't by themselves solve the problem of translating from one object schema to another.</pd></point>
	<point><ph>Decoupling Methodologies.</ph><pd>Any API over time tends to freeze, but too rigorous coupling of multiple companies amplifies design problems - alternative methodologies are needed. </pd></point>
	<point><ph>Frameworks.</ph><pd>Frameworks of convention, such as ebXML, are moving increasingly into a web services model.</pd></point>
	<point><ph>Need.</ph><pd>Business strategies are moving away from strong interconnection of companys' IT services to weaker (more decoupled) exchange models.</pd></point>
</page>
<page>
<title>Consumer Services</title>
<para>Consumer Services have the greatest long term potential:</para>
	<point><ph>Media Services</ph><pd>Web Services could both wrap and annotate digital media entertainment and news services.</pd></point>
	<point><ph>Digital Wallets</ph><pd>Web Services are being touted as the solution for consumer micropayments, a necessary precondition for many e-businesses.</pd></point>
	<point><ph>Rented Applications.</ph><pd>Web Services (especially .NET) are being set up to create on demand applications over the web.</pd></point>
	<point><ph>Consolidated Identities.</ph><pd>Web Services have been pushed as ways of better handling validation and access for other services.</pd></point>
	<point><ph>Educational Systems/Games.</ph><pd>In the long term, educational systems and games, both of which require long term relationships with the client, may be the primary beneficiary of web services.</pd></point>
</page>
<page>
<title>Consumer Services Problems</title>
<para>Selling Web Services to the general consumer market is in some respects the farthest out from seeing any real adoption, for a number of reasons:</para>
	<point><ph>User Agent Adoption.</ph><pd>Web Services ultimately involve machine to machine communication using XML, but most browsers and other devices are still about three-five years behind.</pd></point>
	<point><ph>Semantic Dissonance.</ph><pd>The problems that B2B has with semantics become even more contentious here. RDF (discussed later) may help.</pd></point>
	<point><ph>Poor Connectivity.</ph><pd>Consumer web services are constrained by typically low bandwidth/low connectivity networks and by competing with existing infrastructure.</pd></point>
	<point><ph>Resistance to Micropayments.</ph><pd>Consumer web services are best supported by micropayment systems, but such systems are extremely unpopular with customers.</pd></point>
	<point><ph>Lack of Need.</ph><pd>There are a bunch of gee whiz scenarios out there, but do we really care about getting the car to make a doctor's appointment?</pd></point>
</page>
<page>
<title>Distributed Systems</title>
<para>Web Services actually work very effectively in creating distributed systems, where the processing is done over several nodes of a network. These have applications in a number of areas:</para>
	<point><ph>Parallel Processing Applications.</ph><pd>This turns a network of computers into a large-scale supercomputer, with each node processing a small portion of the workload and then sending it on to the next system.</pd></point>
	<point><ph>Distributed File Systems.</ph><pd>A DFS system would use Web Services and SOAP to both transfer and locate files and other resources.</pd></point>
	<point><ph>Distributed Data Systems.</ph><pd>Along the same lines as a DSF, a DDS uses the anonymity of web interfaces to integrate large scale databases that may spend thousands of machines.</pd></point>
	<point><ph>Agented Systems.</ph><pd>Web Services in conjunction with SOAP/XML can very easily provide the basis for autonomous agents, especially once a trusted layer is added to core web services systems.</pd></point>
	<point><ph>Anomalous Filtering.</ph><pd>The information from web services can be huge, so one aspect of distributed web services is to look at anomalous data to determine potential problems (such as a terrorist attack).</pd></point>
</page>
<page>
<title>Device Clouds</title>
<para>The Internet is moving from being a PC only net to being a cloud of embedded system peers. Web Services provide certain powerful mechanisms for making these systems work:</para>
	<point><ph>Agents.</ph><pd>From a programmatic viewpoint, autonomous embedded systems are agents.</pd></point>
	<point><ph>Swarm Behaviors.</ph><pd>The real time top-down control of agents is both inefficient and logistically improbable -- web services can be used in a P2P fashion to allow swarms to coordinate based upon localized information.</pd></point>
	<point><ph>Information Re-aggregation.</ph><pd>By the same token, the access points into the data receptors will likely also be distributed and then aggregated.</pd></point>
</page>
<page>
<title>Community Systems</title>
<para>Community Systems are those that maintain communities of users, regardless of their roles. In many respects, community services are where Web Services will have the largest impact.</para>
	<point><ph>Integration of Messages.</ph><pd>Community message exchange services via SOAP will make it possible to better integrate e-mail, discussion groups, etc. into a community knowledge base.</pd></point>
	<point><ph>Dissolution of Interfaces.</ph><pd>Most contemporary community systems have distinct "applications" that provide frozen interfaces, but this will change with Web Services.</pd></point>
	<point><ph>Collaboration.</ph><pd>The ability to collaborate on the web exists now, but web services can consolidate and simplify the Interfaces to make such work considerably easier.</pd></point>
	<point><ph>Dynamic User Interfaces.</ph><pd>Web Services face the difficult problem of presentation; dynamic GUI systems will be critical.</pd></point>
</page>
<page>
<title>Web Services Road Map</title>
	<embed src="RoadMap.svg" width="640" height="480" 
      type="image/svg-xml" wmode="transparent" style="margin-top:-30"/> 
	
</page>
	</button>
	<button id="webServicesTech" title="Web Services">
<page>
	<title>What Are Web Services</title>
		<para>Web Services are a set of protocols that abstract programmatic interfaces over the Web (and other protocols), extending the web architecture that was first proposed in the late 1980s by DARPA and significantly enhanced by Tim Berners Lee. Web Services do a number of things that improve on current programming technology</para>
		<point><ph>Generalize Brokering Protocols</ph></point> 	
		<point><ph>Enhance Messaging Protocols</ph></point> 	
		<point><ph>Provide Platform Independent Solutions</ph></point> 	
		<point><ph>Consolidates Web Access Points</ph></point>
</page>
<page>
	<title>Architectures</title>
		<point><ph>Both State and Stateless Programming Supported</ph></point> 	
		<point><ph>Works over TCP/IP and HTTP Native</ph></point> 	
		<point><ph>Uses XML to encode information</ph></point> 	
		<point><ph>Web Services extend the web Application Layer</ph></point>
</page>
<page>
<title>Remote Procedure Calls</title>
<para>Another way of thinking about web services, and the way they are typically sold, is as a mechanism to perform <em>Remote Procedure Calls</em> (or <em>RPCs</em>. The mechanism of RPCs has in fact spawned much of what we think of as contemporary computing:</para>
<point><ph>OLE/COM/ActiveX/COM+/DNA.</ph>
<pd>This evolving Microsoft technology originated out of a need to "site" one document within another, and involved the creation of request brokers that marshalled parameter passing and object instantiation across component barriers.</pd>
</point>
<point><ph>CORBA.</ph>
<pd>Unlike COM, CORBA was designed from the start to handle machine to machine object communications (indeed, it's acronym includes "Remote Brokering". CORBA works by creating a marshalling structure similar to (but certainly not identical to) COM. CORBA is used by most of the rest of the world.</pd>
</point>
<point><ph>Java RPC</ph>
<pd>Java takes advantage of the universality of the Java platform to create its own RPC standard, which however owes a lot to the CORBA format.</pd>
</point>
</page>
<page>
<title>The RPC Conundrum</title>
<para>Unfortunately, creating RPCs can prove problematic for a number of reasons:</para>
<point><ph>Broker Incompatibilities</ph>
<pd>The various RPC formats that current exist have slightly different stacks which renders them incompatible. There are applications which can bridge between COM and CORBA, but only at considerable overhead.</pd>
</point>
<point><ph>Type Implementation Incompatibilities</ph>
<pd>Primitive types differ in implementation from platform to platform. This means that something as simple as marshalling an integer can cause headaches.</pd>
</point>
<point><ph>Distribution Problems.</ph>
<pd>Brokered systems often require critical components that sit on both sides of the connection. Guaranteeing that everyone within a company has those components can be nightmarish; guaranteeing that everyone in the world has those components (or the right versions of them) is frankly impossible.</pd>
</point>
</page>
<page>
<title>XML and RPCs</title>
<para>XML didn't start out as a mechanism for handling RPCs, but it actually works pretty well in this capacity, for several reasons:</para>
<point><ph>Format Portability.</ph>
<pd>XML is text, and for the most part sending text consistently across a network is very much standardized, regardless of the platform.</pd>
</point>
<point><ph>Implementation Independent.</ph>
<pd>Because XML has become so standard, every platform on every machine (pretty much) has an XML parser which can be used to manipulate XML. This means that the specific implementation of a given request is independent of the originating machine.</pd>
</point>
<point><ph>Type Independence.</ph>
<pd>Similarly, type exists in semantic form: tagged elements with indicators of the type, rather than implemented type itself. This means that even if there are differences between implementations of integer on two different machines, this is immaterial to XML as a transport mechanism.</pd>
</point>
</page>
<page>
<title>Where XML and Binary Code Differ</title>
<para>However, XML also offers certain capabilities that have profound implications for its use as an RPC, but not in the COM/CORBA mold:</para>
<point><ph>Malleability.</ph>
<pd>XML can be structurally modified easily, which isn't the case with most binary objects. This in turn makes XML far more responsive to local environmental changes. This is especially key in light of such technologies as XSLT.</pd>
</point>
<point><ph>Completeness.</ph>
<pd>An object model typically encompasses many objects which in turn act as controllers for other objects. XML, on the other hand, could effectively describe the state of an entire system in a single document.</pd>
</point>
<point><ph>Relational Semantics.</ph>
<pd>The semantics of an XML structure can be embodied by a relational description language called the Resource Description Framework, or RDF. RDF makes it possible to create associations between XML entities, which in turn could have a profound influence upon programming.</pd>
</point>
<point><ph>Multiple State Descriptions</ph>
<pd>XML makes it possible to define declarative device languages that can be used to describe the change of state of a device over time (or in response to specific external conditions). The shift to declarative over procedural code will radically alter the requirements on any RPC language.</pd>
</point>
<point><ph>Linking</ph>
<pd>Linking is an awkward concept in most procedural languages, but is very much consistent with XML. The ability to represent data as a web of distributed information changes the dynamics of XML architectures from strict client/server to more strongly peer-based transactions.</pd>
</point>
<para>All of these are aspects that will long term have significant effects for any web-services architecture, and which point to a solution that may in fact be dramatically different from the client/server architectures found in such current offerings as .NET (though the JAXP architecture moves closer to this).</para>
</page>
	</button>
	<button id="SOAP" title="SOAP &amp; Schema">
		<page>
			<title>SOAP</title>
	<embed src="SOAPEnvelope.svg" width="640" height="480" 
      type="image/svg-xml" wmode="transparent" style="margin-top:-30"/> 
	  	</page>
		<page>
			<title>SOAP Is An Envelope</title>
			<para><b>SOAP</b> is the <b>Simple Object Access Protocol</b>, and is best understook as a way to wrap content within an envelope:</para>
	<embed src="SOAPEnvelope.svg" width="640" height="480" 
      type="image/svg-xml" wmode="transparent" style="margin-top:-30"/> 
	  	</page>
		<page>
			<title>SOAP</title>
			<para>SOAP is the Simple Object Access Protocol. It is designed to act as an envelope to handle a wide number of transactions.</para>
			<point><ph>Transporting RPC Calls Between Machines</ph></point>
			<point><ph>Provide System Status Messages</ph></point>
			<point><ph>Transporting Content Between Web Applications</ph></point>
			<point><ph>Persisting Information in Queues.</ph></point>
		</page>
		<page>
			<title>XML Protocol</title>
			<para>SOAP started out as a format for handling remote procedure calls, but was accepted by the W3C as part of the W3C XML Protocol Working Group. The XML Protocol WG  has a number of goals and technologies that are currently under it's purview:</para>
			<point><ph>XML Protocol Frameworks.</ph></point>
			<point><ph>SOAP Standard</ph></point>
			<point><ph>SOAP XML Schema Subsets</ph></point>
	  	</page>
		<page>
			<title>XML Protocol Nodes</title>	
			<para>SOAP works with one or more nodes (or points) in a network.</para>
			<point><ph>SOAP Sender</ph><pd>This is a node that sends a SOAP message - it could be one of several in the path.</pd></point>
			<point><ph>SOAP Receiver</ph><pd>This is a node that receives a SOAP message - it could be one of several in the path.</pd></point>
			<point><ph>SOAP Intermediary</ph><pd>A node that both sends and receives SOAP messages.</pd></point>
			<point><ph>SOAP Actor</ph><pd>A node that performs some action based upon the SOAP message, even if that only involves passing it on.</pd></point>
		</page>
		<page>
			<title>SOAP Structure</title>
			<point><ph>SOAP Message</ph><pd>This is the entire entity, and may actually include components outside of XML (such as HTTP protocol messages)</pd></point>
			<point><ph>SOAP Envelope</ph><pd>This is the XML container, and serves to provide versioning and namespace information about the message format.</pd></point>
			<point><ph>SOAP Block</ph><pd>A sub-unit of an envelope that contains some functional action</pd></point>
			<point><ph>SOAP Header</ph><pd>This contains information about the message for any messages along the SOAP Path.</pd></point>
			<point><ph>SOAP Body</ph><pd>This contains information for the final recipient of the message.</pd></point>
			<point><ph>SOAP Fault</ph><pd>A specialized block containing error information.</pd></point>
	  	</page>
		<page>
			<title>A Simple SOAP Message</title>
			<pre>
<![CDATA[<env:Envelope xmlns:env="http://www.w3.org/2001/09/soap-envelope">
 <env:Header>
  <n:alertcontrol xmlns:n="http://example.org/alertcontrol">
   <n:priority>1</n:priority>
   <n:expires>2001-06-22T14:00:00-05:00</n:expires>
  </n:alertcontrol>
 </env:Header>
 <env:Body>
  <m:alert xmlns:m="http://example.org/alert">
   <m:msg>Pick up Mary at school at 2pm</m:msg>
  </m:alert>
 </env:Body>
</env:Envelope>]]>			
			</pre>
		</page>
		<page>
			<title>SOAP is a Transport Protocol</title>
	<embed src="WebServicesImage1.svg" width="640" height="480" 
      type="image/svg-xml" wmode="transparent" style="margin-top:-30"/> 
	  		<para>SOAP can also handle Fault messaging</para>
	  	</page>
		<page>
			<title>SOAP Is Payload Blind</title>
			<para><b>SOAP</b> does not have any knowledge of the contents of its payload. Because of this decoupling, it is possible to utilize SOAP to carry anything:</para>
			<point><ph>XML data of any sort.</ph></point>
			<point><ph>MIME Content</ph></point>
			<point><ph>Method Calls and Parameters in WSDL or other schema language.</ph></point>
			<point><ph>Error Messages, as SOAP:Faults.</ph></point>
			<point><ph>Code</ph></point>			
	  	</page>
    </button>
	<button id="WSDL" title="WSDL and UDDI">
		<page>
			<title>Web Services Description Language</title>
			<para>Certain Web Services languages use the Web Services Description Language (WSDL) (accepted as a note by the W3C but not as a working draft document). WSDL defines a number of properties.</para>
<point><ph>types</ph><pd>which provides data type definitions used to describe the messages exchanged.</pd></point>
<point><ph>message</ph><pd>which represents an abstract definition of the data being transmitted. A message consists of logical parts, each of which is associated with a definition within some type system.</pd></point>
<point><ph>portType</ph><pd>which is a set of abstract operations. Each operation refers to an input message and output messages. </pd></point>
<point><ph>binding</ph><pd>which specifies concrete protocol and data format specifications for the operations and messages defined by a particular portType. </pd></point>
<point><ph>port</ph><pd>which specifies an address for a binding, thus defining a single communication endpoint. </pd></point>
<point><ph>service</ph><pd>which is used to aggregate a set of related ports.</pd></point>
		</page>
		<page>
<title>Universal Discover, Description and Integration Language (UDDI)</title>
<para>UDDI serves as a way of exposing the web services that a given web server offers. UDDI has three parts:</para>
<point><ph>White Pages.</ph><pd>For finding personnel resources on a company's web services server (for example, what may be available via LDAP or ADSi).</pd></point>
<point><ph>Yellow Pages.</ph><pd>For finding product and generalized services information from a company's server.</pd></point>
<point><ph>Green Pages.</ph><pd>For finding which web service methods are supported and what interfaces they have.</pd></point>
		</page>
	</button>
	<button id="Future" title="The Future">
		<page>
			<title>Web Services Issues</title>
			<para>The future of Web Services is assured, but that of specific implementations of web services are less so. Indeed, there are a number of issues that will likely change the technology over time.</para>
			<point><ph>Robustness and Fragility.</ph></point>
			<point><ph>Messaging vs. RPC.</ph></point>
			<point><ph>Decoupling of Architectures.</ph></point>
			<point><ph>Open vs. Propietary.</ph></point>
			<point><ph>Role of the Semantic Web.</ph></point>
		</page>
    </button>	
<!-- <button id="IDAJJX5" title="Web Services Marketing">
<title>Web Services Marketing</title>
<page>
<title>The Promise of Permeable Pervasive Programming</title>
<para>There's a little bit of hype about there on Web Services. Okay, maybe more than a little. In point of fact, if the marketing coming out of various software vendors is any indication, web services will end up changing everything about the way that we use computers.</para>
<para>The claims are rather wild. According to the great marketing machines, you'll be able to:</para>
<point>buy stock anywhere, even standing in line at the bank!</point>
<point>conduct your banking anywhere, even waiting in line to buy stock!</point>
<point>schedule your dental appointments for the kids while taking them to school!</point>
<point>have your scheduler remind you about the dental appointments for the kids while taking them to soccer practice!</point>
<point>have the dentist bill you without ever having to writing a check!</point>
<point>buy that cool car that you just saw passing by!</point>
<point>tell your house to heat up on the way home!</point>
<point>let the refrigerator decide when to buy a new gallon of milk!</point>
</page>
<page>
<title>Yes, but ...</title>
<majorpoint>... would you want to?</majorpoint>
</page>
<page>
<title>What Are Web Services?</title>
<para>The core idea of a web service is simple:</para>
<majorpoint>Using HTTP, a program can send a command to a distant machine and retrieve information back in usable form.</majorpoint>
<para>Curiously enough, that describes every web transaction that's taken place since 1989. Indeed, the whole concept of the Common Gateway Interface (CGI) was originally intended as a vehicle to make remote procedure calls possible using HTTP. </para>
<question>But What about SOAP and UDDI and WSDL and XML and all those other cool sounding acronyms - aren't those Web Services?</question>
<para>They are all involved in one implementation of web services, but it's important not to get wrapped around the axle on implementation. In point of fact, if you remember that web services are at their essence transactions across HTTP, both a lot of the marketing hype and the <em>obfuscating</em> terminology go away.</para>
</page>
<page>
<title>Remote Procedure Calls</title>
<para>Another way of thinking about web services, and the way they are typically sold, is as a mechanism to perform <em>Remote Procedure Calls</em> (or <em>RPCs</em>. The mechanism of RPCs has in fact spawned much of what we think of as contemporary computing:</para>
<point><ph>OLE/COM/ActiveX/COM+/DNA.</ph>
<pd>This evolving Microsoft technology originated out of a need to "site" one document within another, and involved the creation of request brokers that marshalled parameter passing and object instantiation across component barriers.</pd>
</point>
<point><ph>CORBA.</ph>
<pd>Unlike COM, CORBA was designed from the start to handle machine to machine object communications (indeed, it's acronym includes "Remote Brokering". CORBA works by creating a marshalling structure similar to (but certainly not identical to) COM. CORBA is used by most of the rest of the world.</pd>
</point>
<point><ph>Java RPC ???.</ph>
<pd>Java takes advantage of the universality of the Java platform to create its own RPC standard, which however owes a lot to the CORBA format.</pd>
</point>
</page>
<page>
<title>The RPC Conundrum</title>
<para>Unfortunately, creating RPCs can prove problematic for a number of reasons:</para>
<point><ph>Broker Incompatibilities</ph>
<pd>The various RPC formats that current exist have slightly different stacks which renders them incompatible. There are applications which can bridge between COM and CORBA, but only at considerable overhead.</pd>
</point>
<point><ph>Type Implementation Incompatibilities</ph>
<pd>Primitive types differ in implementation from platform to platform. This means that something as simple as marshalling an integer can cause headaches.</pd>
</point>
<point><ph>Distribution Problems.</ph>
<pd>Brokered systems often require critical components that sit on both sides of the connection. Guaranteeing that everyone within a company has those components can be nightmarish; guaranteeing that everyone in the world has those components (or the right versions of them) is frankly impossible.</pd>
</point>
</page>
<page>
<title>XML and RPCs</title>
<para>XML didn't start out as a mechanism for handling RPCs, but it actually works pretty well in this capacity, for several reasons:</para>
<point><ph>Format Portability.</ph>
<pd>XML is text, and for the most part sending text consistently across a network is very much standardized, regardless of the platform.</pd>
</point>
<point><ph>Implementation Independent.</ph>
<pd>Because XML has become so standard, every platform on every machine (pretty much) has an XML parser which can be used to manipulate XML. This means that the specific implementation of a given request is independent of the originating machine.</pd>
</point>
<point><ph>Type Independence.</ph>
<pd>Similarly, type exists in semantic form: tagged elements with indicators of the type, rather than implemented type itself. This means that even if there are differences between implementations of integer on two different machines, this is immaterial to XML as a transport mechanism.</pd>
</point>
</page>
<page>
<title>Where XML and RPCs Differ</title>
<para>However, XML also offers certain capabilities that have profound implications for its use as an RPC, but not in the COM/CORBA mold:</para>
<point><ph>Malleability.</ph>
<pd>XML can be structurally modified easily, which isn't the case with most binary objects. This in turn makes XML far more responsive to local environmental changes. This is especially key in light of such technologies as XSLT.</pd>
</point>
<point><ph>Completeness.</ph>
<pd>An object model typically encompasses many objects which in turn act as controllers for other objects. XML, on the other hand, could effectively describe the state of an entire system in a single document.</pd>
</point>
<point><ph>Relational Semantics.</ph>
<pd>The semantics of an XML structure can be embodied by a relational description language called the Resource Description Framework, or RDF. RDF makes it possible to create associations between XML entities, which in turn could have a profound influence upon programming.</pd>
</point>
<point><ph>Multiple State Descriptions</ph>
<pd>XML makes it possible to define declarative device languages that can be used to describe the change of state of a device over time (or in response to specific external conditions). The shift to declarative over procedural code will radically alter the requirements on any RPC language.</pd>
</point>
<point><ph>Linking</ph>
<pd>Linking is an awkward concept in most procedural languages, but is very much consistent with XML. The ability to represent data as a web of distributed information changes the dynamics of XML architectures from strict client/server to more strongly peer-based transactions.</pd>
</point>
<para>All of these are aspects that will long term have significant effects for any web-services architecture, and which point to a solution that may in fact be dramatically different from the client/server architectures found in such current offerings as .NET (though the JAXP architecture moves closer to this).</para>
</page>
<page>
<title>A Little SOAP Goes a Long Way</title>
</page>
<page>
<title>The Internet Is the Machine ... or Maybe Not</title>
<para></para>
</page>
<page>
<title>Why Are All Sample WS Apps Stock Market Tickers?</title>
</page>
<page>
<title>Moving Beyond the Hype</title>
</page>
</button>
<button id="IDAINX5" title="Division To Division: Organic Programming">
<title>Division To Division: Organic Programming</title>
<page>
<title>Centralized Intelligence, Distributed Servers</title>
</page>
<page>
<title>Business (Fuzzy) Logic</title>
</page>
<page>
<title>Versatile Versioning</title>
</page>
<page>
<title>D2D2B2B&amp;R2D22</title>
</page>
</button>
<button id="IDAWNX5" title="Of Java, XML and Web Services">
<title>Of Java, XML and Web Services</title>
<page>
<title>The Importance of Being Declarative</title>
</page>
<page>
<title>Pervasive Devices &amp; the Declarative Web</title>
</page>
<page>
<title>Washing With SOAP</title>
</page>
<page>
<title>The Browser Is More Than a Dumb Terminal</title>
</page>
<page>
<title>Java: From Frameworks to Glue</title>
</page>
<page>
<title>The People's Web</title>
</page>
</button>	-->
</bar>