<svg viewBox="0 0 1000 750" preserveAspectRatio="none" xmlns:xlink="http://www.w3.org/1999/xlink">
    <script>
function setClass(evt,className){
    var el=evt.target;
    el.setAttribute("class",className)
    }

function reload(){
    location.href=location.href;
    }    
    </script>
    <defs>
        <linearGradient gradientTransform="rotate(90)" id="blueGrad1">
            <stop offset="0%" stop-color="blue"/>
            <stop offset="100%" stop-color="navy"/>
        </linearGradient>
        <linearGradient gradientTransform="rotate(90)" id="yellowGrad1">
            <stop offset="0%" stop-color="yellow"/>
            <stop offset="150%" stop-color="yellow"/>
        </linearGradient>
        <linearGradient gradientTransform="rotate(90)" id="yellowGrad2">
            <stop offset="0%" stop-color="white"/>
            <stop offset="90%" stop-color="yellow"/>
            <stop offset="120%" stop-color="red"/>
        </linearGradient>
        <linearGradient gradientTransform="rotate(90)" id="yellowGrad3">
            <stop offset="0%" stop-color="red"/>
            <stop offset="100%" stop-color="maroon"/>
        </linearGradient>
        <radialGradient gradientTransform="translate(0.05,-0.05)" id="bulletGrad">
            <stop offset="0%" stop-color="lightBlue"/>
            <stop offset="80%" stop-color="navy"/>
            <stop offset="100%" stop-color="blue"/>
        </radialGradient>
        <rect id="background" class="background" x="0" y="0" width="1000" height="750"/>
        <circle id="bullet" cx="0" cy="0" r="20" fill="url(#bulletGrad)"/>
        <text id="title" x="0" y="0">SVG Programming</text>
        <text id="overview" class="title">What is SVG?</text>
        <text id="svgDefText" class="item">
            SVG = Scalable Vector Graphics
        </text>
        <text id="xmlBasedText" class="item">
            <tspan x="0" y="0">SVG is an XML-based Grammar</tspan>
        </text>
        <text id="originText" class="item">
            <tspan x="0" y="0">SVG derives from the Vector Markup Language (VML)</tspan>
            <tspan x="0" y="40">and the Precision Graphics Markup Language (PGML)</tspan>
        </text>
        <text id="containsText" class="item">
            <tspan x="0" y="0">SVG combines vector-based shapes, bitmaps,</tspan>
            <tspan x="0" y="40">scripted event handling and animation.</tspan>
        </text>
        <text id="documentText" class="item">
            <tspan x="0" y="0">This document is created as SVG.</tspan>
        </text>
        <g id="svgDef">
            <use xlink:href="#bullet" x="-30" y="-10"/>
            <use xlink:href="#svgDefText" x="0" y="0"/>
        </g>
        <g id="xmlBased">
            <use xlink:href="#bullet" x="-30" y="-10"/>
            <use xlink:href="#xmlBasedText" x="0" y="0"/>
        </g>
        <g id="origin">
            <use xlink:href="#bullet" x="-30" y="-10"/>
            <use xlink:href="#originText" x="0" y="0"/>
        </g>
        <g id="contains">
            <use xlink:href="#bullet" x="-30" y="-10"/>
            <use xlink:href="#containsText" x="0" y="0"/>
        </g>
        <g id="document">
            <use xlink:href="#bullet" x="-30" y="-10"/>
            <use xlink:href="#documentText" x="0" y="0"/>
        </g>
        <marker id="Triangle"
          viewBox="0 0 10 10" refX="0" refY="5" 
          markerUnits="strokeWidth"
          markerWidth="4" markerHeight="3"
          fill="red"
          orient="auto">
          <path d="M 0 0 L 10 5 L 0 10 z" />
          
        </marker>
        <line x1="0" y1="0" x2="100" y2="0" stroke="red" stroke-width="20" marker-end="url(#Triangle)" id="arrow"/>
    </defs>
    <g>
       <use xlink:href="#background"/>
       <use xlink:href="#overview" x="50" y="80" class="title" id="Overview">
        <animate attributeName="y" attributeType="XML" values="750;80" dur="2s" fill="freeze" begin="0s"/>
       </use>
       <g onmouseover="setClass(evt,'itemHigh')" onmouseout="setClass(evt,'item')" onmousedown="setClass(evt,'itemDown')" onmouseup="setClass(evt,'itemHigh')">
       <use xlink:href="#svgDef" x="1000" y="150" class="item" id="SvgDef">
        <animate attributeName="x" attributeType="XML" from="1000" to="100" dur="1s" begin="Overview.click" fill="freeze"/> 
       </use>
       <use xlink:href="#xmlBased" x="1000" y="200" class="item" id="XmlBased">
        <animate attributeName="x" attributeType="XML" from="1000" to="100" dur="1s" begin="SvgDef.click" fill="freeze"/> 
       </use>
       <use xlink:href="#origin" x="1000" y="250" class="item" id="Origin">
        <animate attributeName="x" attributeType="XML" from="1000" to="100" dur="1s" begin="XmlBased.click" fill="freeze"/> 
       </use>
       <use xlink:href="#contains" x="1000" y="350" class="item" id="Contains">
        <animate attributeName="x" attributeType="XML" from="1000" to="100" dur="1s" begin="Origin.click" fill="freeze"/> 
       </use>
        <a xlink:href="whatIsSVG.xml" target="new">
       <use xlink:href="#document" x="1000" y="450" class="item" id="Document">
        <animate attributeName="x" attributeType="XML" from="1000" to="100" dur="1s" begin="Contains.click" fill="freeze"/> 
       </use>
       </a>
       </g>
    </g>
    <g>
        <a xlink:href="whatIsSVG.xml" target="new">
        <use xlink:href="#arrow" x="-200" y="700">
            <animate attributeName="x" from="0" to="800" dur="1s" fill="freeze" begin="Contains.click"/>
        </use>  
        </a>
    </g>
</svg>    
