<?xml-stylesheet type="text/xsl" href="xsldot.xsl"?>
<html>
<head>
	<title>Untitled</title>
</head>

<body>
<h1>XSL Output</h1>
<p>The following illustrates one technique for displaying XSL code in output:</p>
<xsl.stylesheet xmlns.xsl="http://www/w3.org/1999/XSL/Transform" version="1.0">
<!-- Big breasted mermaids <b>This is a test</b>-->
    <xsl.template match="/">
        <xsl.apply-templates select="*"/><a b="5">This is a test.</a>
        &lt;![CDATA[1 2 3 4 5]]&gt;
        <!-- Here's some commentary -->
    </xsl.template>    
</xsl.stylesheet>
<!-- Why not? -->
<h3>Here's some SVG:</h3>
<escape>
    <svg width="120" height="120">
        <g transform="translate(100 100)">
            <rect width="100" height="100"/>
        </g>
    </svg>
</escape>

</body>
</html>
